t,book_no,page_right,dispersion,sequenceNumber,blinkSpeed,blinkStrength,eyeMoveUp,eyeMoveDown,eyeMoveLeft,eyeMoveRight,roll,pitch,yaw,accX,accY,accZ,walking,noiseStatus,fitError,powerLeft
7.7394318,0,1,0.0,252,0,0,0,0,0,0,0,0,0,-2.9375,8.3125,-13.9375,False,False,0,2
7.8211932,0,1,0.0,253,0,0,0,0,0,0,0,0,0,-2.9375,8.375,-13.9375,False,False,0,2
7.8693578,0,1,0.0,254,0,0,0,0,0,0,0,0,0,-2.8125,8.375,-13.9375,False,False,0,2
7.9174004,0,1,0.0,255,0,0,0,0,0,0,0,0,0,-2.75,8.3125,-13.875,False,False,0,2
7.9760457,0,1,0.0,0,0,0,0,0,0,0,0,0,0,-2.875,8.375,-13.9375,False,False,0,2
8.0722085,0,1,0.0,1,0,0,0,0,0,0,0,0,0,-2.8125,8.375,-13.875,False,False,0,2
8.0744352,0,1,0.0,2,0,0,0,0,0,0,0,0,0,-2.75,8.375,-14,False,False,0,2
8.1201313,0,1,0.0,3,0,0,0,0,0,0,0,0,0,-2.875,8.3125,-14,False,False,0,2
8.167352,0,1,0.0,4,0,0,0,0,0,0,0,0,0,-3.0625,8.25,-14.0625,False,False,0,2
8.2171487,0,1,0.0,5,0,0,0,0,0,0,0,0,0,-2.875,8.25,-13.9375,False,False,0,2
8.268698,0,1,0.0,6,0,0,0,0,0,0,0,0,0,-2.8125,8.1875,-13.9375,False,False,0,2
8.3387176,0,1,0.0,7,0,0,0,0,0,0,0,0,0,-2.75,8.125,-14.0625,False,False,0,2
8.383247,0,1,0.0,8,0,0,0,0,0,0,0,0,0,-2.875,8.1875,-14.0625,False,False,0,2
8.430946,0,1,0.0,9,0,0,0,0,0,0,0,0,0,-3.125,8.125,-14.125,False,False,0,2
8.4915723,0,1,0.0,10,0,0,0,0,0,0,0,0,0,-3.375,8.125,-14.25,False,False,0,2
8.5874209,0,1,0.0,11,0,0,0,0,0,0,0,0,0,-3.1875,8.0625,-14.3125,False,False,0,2
8.5897788,0,1,0.0,12,0,0,0,0,0,0,0,0,0,-3.0625,7.875,-14.25,False,False,0,2
8.6349092,0,1,0.0,13,0,0,0,0,0,0,0,0,0,-3.1875,7.875,-14.4375,False,False,0,2
8.6818301,0,1,0.0,14,0,0,2,0,0,0,0,0,0,-2.8125,7.5,-14.3125,False,False,0,2
8.7270542,0,1,0.0,15,0,0,0,0,0,0,0,0,0,-2.75,7.5,-14.4375,False,False,0,2
8.7740205,0,1,0.0,16,0,0,0,0,0,0,0,0,0,-2.75,7.375,-14.6875,False,False,0,2
8.8189456,0,1,0.0,17,0,0,0,0,0,0,0,0,0,-2.5,7,-14.6875,False,False,0,2
8.8673473,0,1,0.0,18,0,0,0,0,0,0,0,0,0,-2,6.625,-14.875,False,False,0,2
8.940664,0,1,0.0,19,0,0,0,0,0,0,0,0,0,-1.8125,6.375,-14.9375,False,False,0,2
8.9906849,0,1,0.0,20,0,0,0,0,0,0,0,0,0,-1.75,6,-14.9375,False,False,0,2
9.0352684,0,1,0.0,21,0,0,0,0,0,0,0,0,0,-1.875,5.9375,-14.875,False,False,0,2
9.0893602,0,1,0.0,22,0,0,0,0,0,0,0,0,0,-2.0625,5.75,-15.125,False,False,0,2
9.1579908,0,1,0.0,23,0,0,0,0,0,0,0,0,0,-2.3125,5.6875,-15.0625,False,False,0,2
9.20441,0,1,0.0,24,0,0,0,0,0,0,0,0,0,-2.5625,5.6875,-15.0625,False,False,0,2
9.2502345,0,1,0.0,25,0,0,0,0,0,0,0,0,0,-2.75,5.875,-14.9375,False,False,0,2
9.2524544,0,1,0.0,26,0,0,0,0,0,0,0,0,0,-2.625,6,-15,False,False,0,2
9.3174667,0,1,0.0,27,0,0,0,0,0,0,0,0,0,-2.3125,5.875,-15.125,False,False,0,2
9.3734467,0,1,0.0,28,0,0,0,0,0,0,0,0,0,-2.0625,6,-15.25,False,False,0,2
9.4179765,0,1,0.0,29,0,0,0,1,0,0,0,0,0,-2.0625,6,-15.25,False,False,0,2
9.4656108,0,1,0.0,30,0,0,0,0,0,0,0,0,0,-2.1875,6,-15.1875,False,False,0,2
9.5091336,0,1,0.0,31,0,0,0,0,0,0,0,0,0,-2.0625,6.0625,-15.1875,False,False,0,2
9.5568722,0,1,0.0,32,0,0,0,0,0,0,0,0,0,-2.0625,6.0625,-15.125,False,False,0,2
9.6170114,0,1,0.0,33,0,0,0,0,0,0,0,0,0,-2,6.0625,-15.1875,False,False,0,2
9.6633084,0,1,0.0,34,0,0,0,0,2,0,0,0,0,-2.125,6,-15.1875,False,False,0,2
9.7093561,0,1,0.0,35,0,0,0,0,0,0,0,0,0,-2.1875,5.9375,-15.1875,False,False,0,2
9.7685309,0,1,0.0,36,0,0,0,0,0,0,0,0,0,-2.25,5.9375,-15.1875,False,False,0,2
9.816603,0,1,0.0,37,0,0,0,0,0,0,0,0,0,-2.1875,5.9375,-15.1875,False,False,0,2
9.8626179,0,1,0.0,38,0,0,0,0,0,0,0,0,0,-2.0625,5.9375,-15.25,False,False,0,2
9.9153666,0,1,0.0,39,0,0,0,0,0,0,0,0,0,-2.0625,5.875,-15.1875,False,False,0,2
10.0254655,0,1,0.0,40,0,0,0,0,0,0,0,0,0,-2.0625,5.8125,-15.25,False,False,0,2
10.028415,0,1,0.0,41,0,0,0,0,0,0,0,0,0,-2.0625,5.8125,-15.1875,False,False,0,2
10.192705,0,1,0.0,42,0,0,0,0,0,0,0,0,0,-2.0625,5.8125,-15.25,False,False,0,2
10.1949702,0,1,0.0,43,0,0,0,0,0,0,0,0,0,-2,5.6875,-15.3125,False,False,0,2
10.1974448,0,1,0.0,44,0,0,0,0,0,0,0,0,0,-2,5.75,-15.1875,False,False,0,2
10.23749,0,1,0.0,45,0,0,0,0,0,0,0,0,0,-2,5.75,-15.25,False,False,0,2
10.282068,0,1,0.0,46,0,0,0,0,0,0,0,0,0,-2,5.6875,-15.1875,False,False,0,2
10.3286704,0,1,0.0,47,0,0,0,0,0,0,0,0,0,-2.0625,5.6875,-15.25,False,False,0,2
10.3750222,0,1,0.0,48,0,0,0,0,0,0,0,0,0,-2.0625,5.6875,-15.3125,False,False,0,2
10.4361773,0,1,0.0,49,0,0,0,0,0,0,0,0,0,-2.0625,5.75,-15.1875,False,False,0,2
10.5241372,0,1,0.0,50,0,0,0,0,0,0,0,0,0,-2.0625,5.75,-15.3125,False,False,0,2
10.52666,0,1,0.0,51,0,0,0,0,0,0,0,0,0,-2.125,5.75,-15.25,False,False,0,2
10.5903175,0,1,0.0,52,0,0,0,0,0,0,0,0,0,-2.0625,5.75,-15.125,False,False,0,2
10.5927291,0,1,0.0,53,0,0,0,0,0,0,0,0,0,-2.125,5.75,-15.25,False,False,0,2
10.6686819,0,1,0.09,54,0,0,0,0,0,1,0,0,0,-2.0625,5.8125,-15.1875,False,False,0,2
10.7156677,0,1,0.09,55,0,0,0,0,0,0,0,0,0,-2.125,5.875,-15.25,False,False,0,2
10.8040723,0,1,0.09,56,0,0,0,0,0,0,0,0,0,-2.125,5.8125,-15.25,False,False,0,2
10.9068828,0,1,0.09,57,0,0,0,0,0,0,0,0,0,-2.125,5.8125,-15.375,False,False,0,2
10.9095605,0,1,0.09,58,0,0,0,0,0,0,0,0,0,-2.25,5.875,-15.25,False,False,0,2
10.9119977,0,1,0.09,59,0,0,0,0,0,0,0,0,0,-2.1875,5.8125,-15.25,False,False,0,2
10.9663995,0,1,0.09,60,0,0,0,0,0,0,0,0,0,-2.125,5.6875,-15.1875,False,False,0,2
11.0151197,0,1,0.09,61,0,0,0,0,0,0,0,0,0,-2.1875,5.8125,-15.1875,False,False,0,2
11.0631531,0,1,0.09,62,0,0,0,0,0,0,0,0,0,-2.125,5.8125,-15.375,False,False,0,2
11.115283,0,1,0.09,63,0,0,0,0,0,0,0,0,0,-2.0625,5.875,-15.1875,False,False,0,2
11.2159021,0,1,0.0,64,0,0,0,0,0,0,0,0,0,-2.0625,5.75,-15.125,False,False,0,2
11.2186694,0,1,0.0,65,0,0,0,0,0,0,0,0,0,-2.125,5.875,-15.1875,False,False,0,2
11.3198411,0,1,0.0,66,0,0,0,0,0,0,0,0,0,-2,5.8125,-15.1875,False,False,0,2
11.3224357,0,1,0.0,67,0,0,0,0,0,0,0,0,0,-2.0625,5.75,-15.25,False,False,0,2
11.4204888,0,1,0.0,68,0,0,0,0,0,0,0,0,0,-2.125,5.875,-15.25,False,False,0,2
11.4229573,0,1,0.0,69,0,0,0,0,0,0,0,0,0,-2.125,5.8125,-15.25,False,False,0,2
11.4696009,0,1,0.0,70,0,0,0,0,0,0,0,0,0,-2,5.8125,-15.25,False,False,0,2
11.531201,0,1,0.0,71,0,0,0,0,0,0,0,0,0,-1.9375,5.875,-15.25,False,False,0,2
11.6256031,0,1,0.0,72,0,0,0,0,0,0,0,0,0,-2,5.875,-15.1875,False,False,0,2
11.6280707,0,1,0.0,73,0,0,0,0,0,0,0,0,0,-2,5.875,-15.25,False,False,0,2
11.6758723,0,1,0.0,74,0,0,0,0,0,0,0,0,0,-2.0625,5.875,-15.25,False,False,0,2
11.7217106,0,1,0.0,75,0,0,0,0,0,0,0,0,0,-2.125,5.875,-15.1875,False,False,0,2
11.7699687,0,1,0.0,76,0,0,0,0,0,0,0,0,0,-2.125,5.9375,-15.25,False,False,0,2
11.8162155,0,1,0.0,77,0,0,0,0,0,0,0,0,0,-2.0625,5.8125,-15.25,False,False,0,2
11.8659862,0,1,0.0,78,0,0,0,0,0,0,0,0,0,-2.0625,5.8125,-15.1875,False,False,0,2
11.9072593,0,1,0.0,79,0,0,0,0,0,0,0,0,0,-2.0625,5.875,-15.25,False,False,0,2
11.9546041,0,1,0.0,80,0,0,0,0,0,0,0,0,0,-2,5.9375,-15.3125,False,False,0,2
12.0182002,0,1,0.0,81,0,0,0,0,0,0,0,0,0,-2,5.9375,-15.125,False,False,0,2
12.1357674,0,1,0.0,82,0,0,0,0,0,0,0,0,0,-2.0625,5.8125,-15.1875,False,False,0,2
12.1382129,0,1,0.0,83,0,0,0,0,0,0,0,0,0,-2.0625,5.875,-15.1875,False,False,0,2
12.1871188,0,1,0.0,84,0,0,0,0,0,0,0,0,0,-2,5.9375,-15.125,False,False,0,2
12.2311218,0,1,0.0,85,0,0,0,0,0,0,0,0,0,-2,5.875,-15.25,False,False,0,2
12.2771087,0,1,0.0,86,0,0,0,0,0,0,0,0,0,-2.0625,6,-15.3125,False,False,0,2
12.3232163,0,1,0.0,87,0,0,0,0,0,0,0,0,0,-2.125,5.9375,-15.25,False,False,0,2
12.3978309,0,1,0.0,88,0,0,0,0,0,0,0,0,0,-2,5.9375,-15.1875,False,False,0,2
12.4470618,0,1,0.0,89,0,0,0,0,0,0,0,0,0,-1.9375,5.9375,-15.25,False,False,0,2
12.4919002,0,1,0.0,90,0,0,0,0,0,0,0,0,0,-2,5.9375,-15.25,False,False,0,2
12.5407147,0,1,0.0,91,0,0,0,0,0,0,0,0,0,-2.0625,5.9375,-15.3125,False,False,0,2
12.5844764,0,1,0.0,92,0,0,0,0,0,0,0,0,0,-2.1875,5.9375,-15.125,False,False,0,2
12.6468322,0,1,0.0,93,0,0,0,0,0,0,0,0,0,-2.1875,5.9375,-15.25,False,False,0,2
12.7496102,0,1,0.0,94,0,0,0,0,0,0,0,0,0,-1.9375,5.9375,-15.25,False,False,0,2
12.752139,0,1,0.0,95,0,0,0,0,0,0,0,0,0,-2,5.9375,-15.1875,False,False,0,2
12.8527709,0,1,0.0,96,0,0,0,0,0,0,0,0,0,-2,5.9375,-15.1875,False,False,0,2
12.8551105,0,1,0.0,97,0,0,0,0,0,0,0,0,0,-2.0625,5.875,-15.25,False,False,0,2
12.8573498,0,1,0.0,98,0,0,0,0,0,0,0,0,0,-2.0625,5.875,-15.1875,False,False,0,2
12.9127551,0,1,0.0,99,0,0,2,0,3,0,0,0,0,-2.0625,6,-15.1875,False,False,0,2
12.9621396,0,1,0.0,100,0,0,0,0,0,0,0,0,0,-2.125,6,-15.125,False,False,0,2
13.0079223,0,1,0.0,101,0,0,0,0,0,0,0,0,0,-2.1875,6,-15.25,False,False,0,2
13.0714413,0,1,0.0,102,0,0,0,0,0,0,0,0,0,-2.0625,6,-15.1875,False,False,0,2
13.1338118,0,1,0.0,103,0,0,0,0,0,0,0,0,0,-2,6,-15.125,False,False,0,2
13.2302952,0,1,0.81,104,0,0,0,2,0,3,0,0,0,-2.0625,6.0625,-15.25,False,False,0,2
13.2328388,0,1,0.81,105,0,0,0,0,0,0,0,0,0,-2.125,6,-15.1875,False,False,0,2
13.2733409,0,1,0.81,106,0,0,0,0,0,0,0,0,0,-2.0625,6,-15.125,False,False,0,2
13.3193225,0,1,0.81,107,0,0,0,0,0,0,0,0,0,-1.875,5.9375,-15.1875,False,False,0,2
13.3708836,0,1,0.81,108,0,0,0,0,0,0,0,0,0,-2,5.9375,-15.1875,False,False,0,2
13.4147629,0,1,0.81,109,0,0,0,0,0,0,0,0,0,-2,5.9375,-15.1875,False,False,0,2
13.4599865,0,1,0.81,110,0,0,0,0,0,0,0,0,0,-2,6,-15.1875,False,False,0,2
13.5183377,0,1,0.81,111,0,0,0,0,0,0,0,0,0,-2.0625,6,-15.25,False,False,0,2
13.5669088,0,1,0.81,112,0,0,0,0,0,0,0,0,0,-2,5.9375,-15.25,False,False,0,2
13.6143652,0,1,0.81,113,0,0,0,0,0,0,0,0,0,-2.0625,5.9375,-15.1875,False,False,0,2
13.668635,0,1,0.0,114,0,0,0,0,0,0,0,0,0,-2.0625,6,-15.1875,False,False,0,2
13.7729749,0,1,0.0,115,0,0,0,0,0,0,0,0,0,-2.0625,5.875,-15.25,False,False,0,2
13.7755647,0,1,0.0,116,0,0,0,0,0,0,0,0,0,-2.125,6,-15.1875,False,False,0,2
13.8181943,0,1,0.0,117,0,0,0,0,0,0,0,0,0,-2,6,-15.1875,False,False,0,2
13.8624394,0,1,0.0,118,0,0,0,0,0,0,0,0,0,-2,6,-15.1875,False,False,0,2
13.9778531,0,1,0.0,119,0,0,0,0,0,0,0,0,0,-2.0625,5.9375,-15.1875,False,False,0,2
13.9806946,0,1,0.0,120,0,0,0,0,0,0,0,0,0,-2.0625,6,-15.1875,False,False,0,2
14.0231305,0,1,0.0,121,0,0,0,0,0,0,0,0,0,-2.0625,6,-15.25,False,False,0,2
14.0770337,0,1,0.0,122,0,0,0,0,0,0,0,0,0,-2.0625,5.9375,-15.1875,False,False,0,2
14.1833743,0,1,0.0,123,0,0,0,0,0,0,0,0,0,-2.125,5.9375,-15.1875,False,False,0,2
14.1856144,0,1,0.0,124,0,0,0,0,0,0,0,0,0,-2.125,5.875,-15.125,False,False,0,2
14.2269995,0,1,0.0,125,0,0,0,0,0,0,0,0,0,-2,5.875,-15.25,False,False,0,2
14.2728916,0,1,0.0,126,0,0,0,0,0,0,0,0,0,-1.9375,5.9375,-15.25,False,False,0,2
14.3190585,0,1,0.0,127,0,0,0,0,0,0,0,0,0,-1.9375,5.9375,-15.1875,False,False,0,2
14.3664726,0,1,0.0,128,0,0,0,0,0,0,0,0,0,-2.0625,5.875,-15.25,False,False,0,2
14.4178762,0,1,0.0,129,0,0,0,0,0,0,0,0,0,-2.25,5.9375,-15.3125,False,False,0,2
14.5273283,0,1,0.0,130,0,0,0,0,0,0,0,0,0,-2.25,5.875,-15.1875,False,False,0,2
14.5299233,0,1,0.0,131,0,0,0,0,0,0,0,0,0,-2.25,5.875,-15.1875,False,False,0,2
14.570983,0,1,0.0,132,0,0,0,0,0,0,0,0,0,-2.0625,5.875,-15.125,False,False,0,2
14.6184992,0,1,0.0,133,0,0,0,0,0,0,0,0,0,-2.125,5.875,-15.1875,False,False,0,2
14.6635243,0,1,0.0,134,0,0,0,0,0,0,0,0,0,-2.0625,5.875,-15.25,False,False,0,2
14.7190104,0,1,0.0,135,0,0,0,0,0,0,0,0,0,-2.125,5.875,-15.125,False,False,0,2
14.788943,0,1,0.0,136,0,0,0,0,0,0,0,0,0,-2.125,5.875,-15.25,False,False,0,2
14.8327789,0,1,0.0,137,0,0,0,0,0,0,0,0,0,-2.125,5.875,-15.1875,False,False,0,2
14.8804154,0,1,0.0,138,0,0,0,0,0,0,0,0,0,-2.125,5.8125,-15.1875,False,False,0,2
14.9291871,0,1,0.0,139,0,0,0,0,0,0,0,0,0,-2.125,5.875,-15.1875,False,False,0,2
14.9753529,0,1,0.0,140,0,0,0,0,0,0,0,0,0,-2.125,5.9375,-15.1875,False,False,0,2
15.0228138,0,1,0.0,141,0,0,0,0,0,0,0,0,0,-2.1875,5.875,-15.25,False,False,0,2
15.069515,0,1,0.0,142,0,0,0,0,0,0,0,0,0,-2.0625,5.9375,-15.125,False,False,0,2
15.1154017,0,1,0.0,143,0,0,0,0,0,0,0,0,0,-2,5.9375,-15.1875,False,False,0,2
15.1687041,0,1,0.0,144,0,0,0,0,0,0,0,0,0,-2,5.875,-15.25,False,False,0,2
15.2772921,0,1,0.0,145,0,0,0,0,0,0,0,0,0,-2,5.9375,-15.1875,False,False,0,2
15.2799439,0,1,0.0,146,0,0,0,0,0,0,0,0,0,-2,5.9375,-15.25,False,False,0,2
15.3873027,0,1,0.0,147,0,0,0,0,0,0,0,0,0,-2.125,6,-15.1875,False,False,0,2
15.3898311,0,1,0.0,148,0,0,0,0,0,0,0,0,0,-2,5.875,-15.1875,False,False,0,2
15.4970807,0,1,0.0,149,0,0,0,0,0,0,0,0,0,-2,5.9375,-15.1875,False,False,0,2
15.4997338,0,1,0.0,150,0,0,0,0,0,0,0,0,0,-2.0625,5.9375,-15.1875,False,False,0,2
15.6163476,0,1,0.0,151,0,0,0,0,0,0,0,0,0,-2.0625,5.9375,-15.25,False,False,0,2
15.6190414,0,1,0.0,152,0,0,0,0,0,0,0,0,0,-1.9375,6,-15.1875,False,False,0,2
15.621032,0,1,0.0,153,0,0,0,0,0,0,0,0,0,-1.9375,5.9375,-15.1875,False,False,0,2
15.7220127,0,1,0.36,154,0,0,0,0,0,2,0,0,0,-2,5.9375,-15.25,False,False,0,2
15.7241847,0,1,0.36,155,0,0,0,0,0,0,0,0,0,-2,5.9375,-15.3125,False,False,0,2
15.8069251,0,1,0.36,156,0,0,0,0,0,0,0,0,0,-2,5.875,-15.1875,False,False,0,2
15.9228052,0,1,0.36,157,0,0,0,0,0,0,0,0,0,-2.0625,6,-15.1875,False,False,0,2
15.9257592,0,1,0.36,158,0,0,0,0,0,0,0,0,0,-2.0625,6,-15.1875,False,False,0,2
15.9281738,0,1,0.36,159,0,0,0,1,0,0,0,0,0,-2,6,-15.1875,False,False,0,2
15.9728131,0,1,0.36,160,0,0,0,0,0,0,0,0,0,-1.9375,5.9375,-15.1875,False,False,0,2
16.0186346,0,1,0.36,161,0,0,0,0,0,0,0,0,0,-2,6.0625,-15.1875,False,False,0,2
16.0675914,0,1,0.36,162,0,0,0,0,0,0,0,0,0,-2,6,-15.1875,False,False,0,2
16.112861,0,1,0.36,163,0,0,0,0,0,0,0,0,0,-2,6,-15.1875,False,False,0,2
16.1583506,0,1,0.0,164,0,0,0,0,4,0,0,0,0,-2.0625,5.9375,-15.25,False,False,0,2
16.2167257,0,1,0.0,165,0,0,0,0,0,0,0,0,0,-2.125,6.0625,-15.25,False,False,0,2
16.332012,0,1,0.0,166,0,0,0,0,0,0,0,0,0,-2.0625,6,-15.1875,False,False,0,2
16.3345919,0,1,0.0,167,0,0,0,0,0,0,0,0,0,-2.0625,5.9375,-15.0625,False,False,0,2
16.3769756,0,1,0.0,168,0,0,0,0,0,0,0,0,0,-2.0625,6,-15.25,False,False,0,2
16.4242084,0,1,0.0,169,0,0,0,0,0,0,0,0,0,-1.875,6.0625,-15.1875,False,False,0,2
16.4697212,0,1,0.0,170,0,0,0,0,0,0,0,0,0,-2,6.0625,-15.25,False,False,0,2
16.5172345,0,1,0.0,171,0,0,0,0,0,0,0,0,0,-2,6,-15.1875,False,False,0,2
16.5616996,0,1,0.0,172,0,0,0,0,0,0,0,0,0,-2.0625,5.9375,-15.3125,False,False,0,2
16.6076374,0,1,0.0,173,0,0,0,0,0,0,0,0,0,-1.9375,5.9375,-15.125,False,False,0,2
16.6681365,0,1,0.0,174,110,69,0,0,0,0,0,0,0,-2.0625,5.9375,-15.1875,False,False,0,2
16.7326917,0,1,0.0,175,0,0,0,0,0,0,0,0,0,-2.0625,6,-15.125,False,False,0,2
16.8272739,0,1,0.0,176,0,0,0,0,0,0,0,0,0,-1.9375,6.0625,-15.125,False,False,0,2
16.8300206,0,1,0.0,177,0,0,0,0,0,0,0,0,0,-1.875,6.0625,-15.1875,False,False,0,2
16.8716815,0,1,0.0,178,0,0,0,0,0,0,0,0,0,-1.875,6.0625,-15.1875,False,False,0,2
16.9179337,0,1,0.0,179,0,0,0,0,0,0,0,0,0,-2,6.0625,-15.1875,False,False,0,2
16.9652597,0,1,0.0,180,0,0,0,0,0,0,0,0,0,-2.0625,6.0625,-15.25,False,False,0,2
17.0107278,0,1,0.0,181,0,0,0,0,0,0,0,0,0,-2.0625,6.0625,-15.125,False,False,0,2
17.057328,0,1,0.0,182,0,0,0,0,0,0,0,0,0,-2,6,-15.25,False,False,0,2
17.1175961,0,1,0.0,183,0,0,0,0,0,0,0,0,0,-2,6,-15.125,False,False,0,2
17.1639681,0,1,0.0,184,0,0,0,0,0,0,0,0,0,-2,5.9375,-15.1875,False,False,0,2
17.2115574,0,1,0.0,185,0,0,0,0,0,0,0,0,0,-1.875,6.0625,-15.1875,False,False,0,2
17.268136,0,1,0.0,186,0,0,0,0,0,0,0,0,0,-1.875,6.0625,-15.1875,False,False,0,2
17.3563158,0,1,0.0,187,0,0,0,0,0,0,0,0,0,-2.0625,6.0625,-15.1875,False,False,0,2
17.358636,0,1,0.0,188,0,0,0,0,0,0,0,0,0,-2,6.125,-15.25,False,False,0,2
17.4614313,0,1,0.0,189,0,0,0,0,0,0,0,0,0,-2,6,-15.0625,False,False,0,2
17.4637633,0,1,0.0,190,0,0,0,0,0,0,0,0,0,-2,6,-15.1875,False,False,0,2
17.5066122,0,1,0.0,191,0,0,0,0,0,0,0,0,0,-2,6,-15.125,False,False,0,2
17.5673533,0,1,0.0,192,0,0,0,0,0,0,0,0,0,-1.9375,6.0625,-15.125,False,False,0,2
17.6142372,0,1,0.0,193,0,0,0,0,0,0,0,0,0,-1.8125,6,-15.0625,False,False,0,2
17.6622916,0,1,0.0,194,0,0,0,0,0,0,0,0,0,-1.75,6.0625,-15.1875,False,False,0,2
17.7215699,0,1,0.0,195,0,0,0,0,0,0,0,0,0,-2.125,6.125,-15.25,False,False,0,2
17.8262857,0,1,0.0,196,0,0,0,0,0,0,0,0,0,-1.9375,5.875,-15.0625,False,False,0,2
17.8288457,0,1,0.0,197,0,0,0,0,0,0,0,0,0,-1.5,5.9375,-14.6875,False,False,0,2
17.9331681,0,1,0.0,198,0,0,0,0,0,0,0,0,0,-1.8125,6.125,-14.6875,False,False,0,2
17.9353054,0,1,0.0,199,0,0,0,0,0,0,0,0,0,-2.0625,6.5625,-14.75,False,False,0,2
18.0438051,0,1,0.0,200,0,0,0,0,0,0,0,0,0,-2.1875,6.8125,-15,False,False,0,2
18.0461781,0,1,0.0,201,0,0,0,0,0,0,0,0,0,-2.25,7.25,-15.3125,False,False,0,2
18.1537781,0,1,0.0,202,0,0,0,0,0,0,0,0,0,-2.3125,7.1875,-15.3125,False,False,0,2
18.1563558,0,1,0.0,203,0,0,0,0,0,0,0,0,0,-2.25,7,-14.9375,False,False,0,2
18.2045099,0,1,0.0,204,0,0,0,0,0,0,0,0,0,-2.3125,6.875,-14.875,False,False,0,2
18.2070924,0,1,0.0,205,0,0,0,0,0,0,0,0,0,-2.3125,6.75,-14.9375,False,False,0,2
18.2521438,0,1,0.0,206,0,0,0,0,0,0,0,0,0,-2.3125,6.625,-14.8125,False,False,0,2
18.3175086,0,1,0.0,207,0,0,0,0,0,0,0,0,0,-2.4375,6.5,-14.75,False,False,0,2
18.3601394,0,1,0.0,208,0,0,0,0,0,0,0,0,0,-2.5,6.4375,-14.8125,False,False,0,2
18.4083065,0,1,0.0,209,0,0,0,0,0,0,0,0,0,-2.6875,6.4375,-15,False,False,0,2
18.4643787,0,1,0.0,210,0,0,0,0,0,0,0,0,0,-2.6875,6.5,-15,False,False,0,2
18.5727483,0,1,0.0,211,0,0,0,0,0,0,0,0,0,-2.4375,6.375,-14.9375,False,False,0,2
18.5754378,0,1,0.0,212,0,0,0,0,0,0,0,0,0,-2.375,6.3125,-15,False,False,0,2
18.6876184,0,1,0.0,213,0,0,0,0,0,0,0,0,0,-2.375,6.1875,-14.9375,False,False,0,2
18.6903594,0,1,0.09,214,0,0,0,2,0,1,0,0,0,-2.375,6.25,-15.0625,False,False,0,2
18.7351852,0,1,0.09,215,0,0,0,0,0,0,0,0,0,-2.375,6.25,-15.125,False,False,0,2
18.7818206,0,1,0.09,216,0,0,0,0,0,0,0,0,0,-2.4375,6.0625,-15.125,False,False,0,2
18.8408087,0,1,0.09,217,0,0,0,0,0,0,0,0,0,-2.6875,6.125,-15.0625,False,False,0,2
18.9374174,0,1,0.09,218,0,0,0,0,0,0,0,0,0,-2.625,6.125,-15.0625,False,False,0,2
18.9401202,0,1,0.09,219,0,0,0,0,0,0,0,0,0,-2.5625,6,-15.0625,False,False,0,2
18.9865427,0,1,0.09,220,0,0,0,0,0,0,0,0,0,-2.25,6.1875,-14.8125,False,False,0,2
19.0358003,0,1,0.09,221,0,0,0,0,0,0,0,0,0,-2.0625,6.3125,-14.9375,False,False,0,2
19.0819502,0,1,0.09,222,0,0,0,0,0,0,0,0,0,-1.6875,6.375,-15.3125,False,False,0,2
19.127223,0,1,0.09,223,0,0,0,0,0,0,0,0,0,-1.3125,6.4375,-15.125,False,False,0,2
19.1729939,0,1,0.0,224,0,0,3,0,0,0,0,0,0,-1.1875,6.375,-15.25,False,False,0,2
19.219605,0,1,0.0,225,0,0,0,0,0,0,0,0,0,-1.1875,6.3125,-15.1875,False,False,0,2
19.2650594,0,1,0.0,226,0,0,0,0,0,0,0,0,0,-1.125,6.1875,-15.25,False,False,0,2
19.3112669,0,1,0.0,227,0,0,0,0,0,0,0,0,0,-1.0625,6.0625,-15.1875,False,False,0,2
19.3692327,0,1,0.0,228,0,0,0,0,0,0,0,0,0,-1.125,6,-15.1875,False,False,0,2
19.4192348,0,1,0.0,229,0,0,0,0,0,0,0,0,0,-1.25,5.9375,-15.25,False,False,0,2
19.4672244,0,1,0.0,230,0,0,0,0,0,0,0,0,0,-1.3125,5.9375,-15.1875,False,False,0,2
19.5164833,0,1,0.0,231,0,0,0,0,0,0,0,0,0,-1.4375,5.9375,-15.1875,False,False,0,2
19.5591998,0,1,0.0,232,0,0,0,0,0,0,0,0,0,-1.375,6.0625,-15.125,False,False,0,2
19.621367,0,1,0.0,233,0,0,0,0,0,0,0,0,0,-1.4375,6.0625,-15.25,False,False,0,2
19.7137127,0,1,0.0,234,0,0,0,0,0,0,0,0,0,-1.5,6.0625,-15.3125,False,False,0,2
19.7163414,0,1,0.0,235,0,0,0,0,0,0,0,0,0,-1.375,6.0625,-15.1875,False,False,0,2
19.8189234,0,1,0.0,236,0,0,0,0,0,0,0,0,0,-1.375,6,-15.0625,False,False,0,2
19.8215658,0,1,0.0,237,0,0,0,0,0,0,0,0,0,-1.5,6.0625,-15.0625,False,False,0,2
19.9190624,0,1,0.0,238,0,0,0,0,0,0,0,0,0,-1.5625,6.0625,-15.1875,False,False,0,2
19.9215782,0,1,0.0,239,0,0,0,0,4,0,0,0,0,-1.625,6.125,-15.3125,False,False,0,2
19.9698685,0,1,0.0,240,0,0,0,0,0,0,0,0,0,-1.5,6.125,-15.3125,False,False,0,2
20.0142432,0,1,0.0,241,0,0,0,0,0,0,0,0,0,-1.5625,6.0625,-15.1875,False,False,0,2
20.0613001,0,1,0.0,242,0,0,0,0,0,0,0,0,0,-1.5,6,-15.1875,False,False,0,2
20.1703407,0,1,0.0,243,0,0,0,0,0,0,0,0,0,-1.4375,6,-15.25,False,False,0,2
20.1728781,0,1,0.36,244,0,0,0,2,0,2,0,0,0,-1.3125,6.0625,-15.25,False,False,0,2
20.2200139,0,1,0.36,245,0,0,0,0,0,0,0,0,0,-1.3125,6.0625,-15.25,False,False,0,2
20.2680921,0,1,0.36,246,0,0,0,0,0,0,0,0,0,-1.5,6.0625,-15.25,False,False,0,2
20.3147673,0,1,0.36,247,0,0,0,0,0,0,0,0,0,-1.5,6,-15.25,False,False,0,2
20.3602644,0,1,0.36,248,0,0,0,0,0,0,0,0,0,-1.5625,6.0625,-15.1875,False,False,0,2
20.4151376,0,1,0.36,249,0,0,2,0,0,0,0,0,0,-1.5625,6.0625,-15.25,False,False,0,2
20.5327498,0,1,0.36,250,0,0,0,0,0,0,0,0,0,-1.5625,5.9375,-15.25,False,False,0,2
20.5354461,0,1,0.36,251,0,0,0,0,0,0,0,0,0,-1.5625,6.0625,-15.1875,False,False,0,2
20.5799691,0,1,0.36,252,0,0,0,0,0,0,0,0,0,-1.4375,6.0625,-15.25,False,False,0,2
20.6273253,0,1,0.36,253,0,0,0,0,0,0,0,0,0,-1.4375,6.125,-15.125,False,False,0,2
20.6726974,0,1,0.0,254,0,0,0,0,0,0,0,0,0,-1.5,6.0625,-15.25,False,False,0,2
20.7189787,0,1,0.0,255,0,0,0,0,0,0,0,0,0,-1.5625,6.0625,-15.1875,False,False,0,2
20.7650171,0,1,0.0,0,0,0,0,0,0,0,0,0,0,-1.5,6.0625,-15.125,False,False,0,2
20.8114664,0,1,0.0,1,0,0,0,0,0,0,0,0,0,-1.5,6.0625,-15.125,False,False,0,2
20.8651873,0,1,0.0,2,0,0,0,0,0,0,0,0,0,-1.5625,6.0625,-15.1875,False,False,0,2
20.9328621,0,1,0.0,3,0,0,0,0,0,0,0,0,0,-1.625,6.0625,-15.25,False,False,0,2
20.980512,0,1,0.0,4,0,0,0,0,0,0,0,0,0,-1.5,6.0625,-15.25,False,False,0,2
21.0260906,0,1,0.0,5,0,0,0,0,0,0,0,0,0,-1.4375,6.125,-15.125,False,False,0,2
21.0723219,0,1,0.0,6,0,0,0,0,0,0,0,0,0,-1.4375,6.125,-15.1875,False,False,0,2
21.1189183,0,1,0.0,7,0,0,0,0,0,0,0,0,0,-1.5,6.125,-15.25,False,False,0,2
21.1682032,0,1,0.0,8,0,0,0,0,0,0,0,0,0,-1.625,6.125,-15.25,False,False,0,2
21.2115738,0,1,0.0,9,0,0,0,0,0,0,0,0,0,-1.5625,6.125,-15.1875,False,False,0,2
21.256975,0,1,0.0,10,0,0,0,0,0,0,0,0,0,-1.5625,6.0625,-15.1875,False,False,0,2
21.3163179,0,1,0.0,11,0,0,0,0,0,0,0,0,0,-1.625,6.125,-15.1875,False,False,0,2
21.3642601,0,1,0.0,12,0,0,0,0,0,0,0,0,0,-1.5,6.0625,-15.3125,False,False,0,2
21.4144427,0,1,0.0,13,0,0,0,0,0,0,0,0,0,-1.5,6.0625,-15.25,False,False,0,2
21.4670496,0,1,0.0,14,0,0,0,0,0,0,0,0,0,-1.5,6.125,-15.1875,False,False,0,2
21.5546056,0,1,0.0,15,0,0,0,0,0,0,0,0,0,-1.5,6.0625,-15.1875,False,False,0,2
21.5571575,0,1,0.0,16,0,0,0,0,0,0,0,0,0,-1.5625,6.0625,-15.1875,False,False,0,2
21.6175112,0,1,0.0,17,0,0,0,0,0,0,0,0,0,-1.5,6.125,-15.1875,False,False,0,2
21.7259637,0,1,0.0,18,0,0,0,0,0,0,0,0,0,-1.5,6.0625,-15.125,False,False,0,2
21.7287693,0,1,0.0,19,0,0,0,0,0,0,0,0,0,-1.5,6,-15.1875,False,False,0,2
21.768448,0,1,0.0,20,0,0,0,0,0,0,0,0,0,-1.5625,6.0625,-15.25,False,False,0,2
21.8301342,0,1,0.0,21,0,0,0,0,0,0,0,0,0,-1.5,6,-15.1875,False,False,0,2
21.9248555,0,1,0.0,22,0,0,0,0,0,0,0,0,0,-1.4375,6.125,-15.125,False,False,0,2
21.927216,0,1,0.0,23,0,0,0,0,0,0,0,0,0,-1.4375,6.125,-15.3125,False,False,0,2
21.9734183,0,1,0.0,24,0,0,0,0,0,0,0,0,0,-1.5,6.1875,-15.25,False,False,0,2
22.0204378,0,1,0.0,25,0,0,0,0,0,0,0,0,0,-1.5625,6.125,-15.125,False,False,0,2
22.0683398,0,1,0.0,26,0,0,0,0,0,0,0,0,0,-1.5625,6.125,-15.25,False,False,0,2
22.1152919,0,1,0.0,27,0,0,0,0,0,0,0,0,0,-1.6875,6.125,-15.1875,False,False,0,2
22.1641821,0,1,0.0,28,0,0,1,0,0,0,0,0,0,-1.6875,6.125,-15.25,False,False,0,2
22.2177449,0,1,0.0,29,0,0,0,0,0,0,0,0,0,-1.5625,6,-15.1875,False,False,0,2
22.3247239,0,1,0.0,30,0,0,0,0,0,0,0,0,0,-1.5625,6,-15.1875,False,False,0,2
22.327489,0,1,0.0,31,0,0,0,0,0,0,0,0,0,-1.625,6.0625,-15.25,False,False,0,2
22.4345149,0,1,0.0,32,0,0,0,0,0,0,0,0,0,-1.625,6,-15.25,False,False,0,2
22.4371218,0,1,0.0,33,0,0,0,0,0,0,0,0,0,-1.5625,6,-15.1875,False,False,0,2
22.5447076,0,1,0.0,34,0,0,0,0,0,0,0,0,0,-1.6875,6,-15.3125,False,False,0,2
22.5473904,0,1,0.0,35,0,0,0,0,0,0,0,0,0,-1.6875,6,-15.0625,False,False,0,2
22.6542115,0,1,0.0,36,0,0,0,0,0,0,0,0,0,-1.875,5.9375,-15.25,False,False,0,2
22.6570512,0,1,0.0,37,0,0,0,0,0,0,0,0,0,-1.625,6,-15.1875,False,False,0,2
22.762829,0,1,0.0,38,0,0,1,0,1,0,0,0,0,-1.4375,6,-15.1875,False,False,0,2
22.7651989,0,1,0.0,39,0,0,0,0,0,0,0,0,0,-1.5,6,-15.1875,False,False,0,2
22.7673891,0,1,0.0,40,0,0,0,0,0,0,0,0,0,-1.625,6,-15.1875,False,False,0,2
22.8714979,0,1,0.0,41,0,0,0,0,0,0,0,0,0,-1.75,6.125,-15.25,False,False,0,2
22.8736395,0,1,0.0,42,0,0,0,0,0,0,0,0,0,-1.5625,6.0625,-15.25,False,False,0,2
22.988424,0,1,0.0,43,0,0,0,0,0,0,0,0,0,-1.5625,6,-15.125,False,False,0,2
22.9909543,0,1,0.0,44,0,0,0,0,0,0,0,0,0,-1.75,6.0625,-15.25,False,False,0,2
23.0946938,0,1,0.0,45,0,0,0,0,0,0,0,0,0,-1.8125,6,-15.125,False,False,0,2
23.0970129,0,1,0.0,46,0,0,0,0,0,0,0,0,0,-1.75,6,-15.1875,False,False,0,2
23.1982909,0,1,0.0,47,0,0,0,0,0,0,0,0,0,-1.6875,6,-15.25,False,False,0,2
23.2006628,0,1,0.0,48,0,0,0,4,0,0,0,0,0,-1.625,6.0625,-15.25,False,False,0,2
23.2028535,0,1,0.0,49,0,0,0,0,0,0,0,0,0,-1.625,6.0625,-15.1875,False,False,0,2
23.2690759,0,1,0.0,50,0,0,0,0,0,0,0,0,0,-1.5625,6.0625,-15.1875,False,False,0,2
23.3761025,0,1,0.0,51,0,0,0,0,0,0,0,0,0,-1.6875,6.0625,-15.1875,False,False,0,2
23.3788927,0,1,0.0,52,0,0,0,0,0,0,0,0,0,-1.625,6.125,-15.25,False,False,0,2
23.4846466,0,1,4.41,53,0,0,0,0,0,7,0,0,0,-1.5625,6.0625,-15.25,False,False,0,2
23.4871464,0,1,4.41,54,0,0,0,0,0,0,0,0,0,-1.5625,6.0625,-15.1875,False,False,0,2
23.6047828,0,1,4.41,55,0,0,0,0,0,0,0,0,0,-1.625,6.0625,-15.1875,False,False,0,2
23.6068807,0,1,4.41,56,0,0,0,0,0,0,0,0,0,-1.5,6.125,-15.125,False,False,0,2
23.6578926,0,1,4.41,57,0,0,0,0,0,0,0,0,0,-1.5,6.125,-15.1875,False,False,0,2
23.6602949,0,1,4.41,58,0,0,0,0,6,0,0,0,0,-1.4375,6.1875,-15.125,False,False,0,2
23.758349,0,1,4.41,59,0,0,0,0,0,0,0,0,0,-1.4375,6.125,-15.1875,False,False,0,2
23.760874,0,1,4.41,60,0,0,0,0,0,0,0,0,0,-1.5625,6.1875,-15.125,False,False,0,2
23.8216468,0,1,4.41,61,0,0,0,0,0,0,0,0,0,-1.625,6.25,-15.1875,False,False,0,2
23.9096342,0,1,4.41,62,0,0,0,0,0,0,0,0,0,-1.5625,6.1875,-15.1875,False,False,0,2
23.9117028,0,1,0.0,63,0,0,0,0,0,0,0,0,0,-1.5,6.0625,-15.25,False,False,0,2
23.9575286,0,1,0.0,64,0,0,0,0,0,0,0,0,0,-1.5625,6.1875,-15.125,False,False,0,2
24.0168469,0,1,0.0,65,0,0,0,0,0,0,0,0,0,-1.5625,6.25,-15.1875,False,False,0,2
24.0695238,0,1,0.0,66,0,0,0,0,0,0,0,0,0,-1.4375,6.1875,-15.125,False,False,0,2
24.1143829,0,1,0.0,67,0,0,0,0,0,0,0,0,0,-1.5,6.25,-15.25,False,False,0,2
24.1665512,0,1,0.0,68,0,0,0,0,0,0,0,0,0,-1.5,6.3125,-15.25,False,False,0,2
24.2709465,0,1,0.0,69,0,0,0,0,0,0,0,0,0,-1.5,6.1875,-15.125,False,False,0,2
24.2735798,0,1,0.0,70,0,0,0,0,0,0,0,0,0,-1.5625,6.1875,-15.25,False,False,0,2
24.3176254,0,1,0.0,71,0,0,0,0,0,0,0,0,0,-1.5625,6.1875,-15.125,False,False,0,2
24.3615348,0,1,0.0,72,0,0,0,0,0,0,0,0,0,-1.4375,6.125,-15.1875,False,False,0,2
24.4095898,0,1,0.0,73,0,0,0,0,0,0,0,0,0,-1.4375,6.1875,-15.125,False,False,0,2
24.4632288,0,1,0.0,74,0,0,0,0,0,0,0,0,0,-1.4375,6.1875,-15.125,False,False,0,2
24.5737277,0,1,0.0,75,0,0,0,0,0,0,0,0,0,-1.4375,6.1875,-15.125,False,False,0,2
24.5763238,0,1,0.0,76,0,0,0,0,0,0,0,0,0,-1.5,6.25,-15.125,False,False,0,2
24.6821333,0,1,0.0,77,0,0,0,0,0,0,0,0,0,-1.6875,6.1875,-15.1875,False,False,0,2
24.684354,0,1,0.0,78,150,124,0,0,2,0,0,0,0,-1.5,6.1875,-15.1875,False,False,0,2
24.7927154,0,1,0.0,79,0,0,0,0,0,0,0,0,0,-1.5625,6.125,-15.1875,False,False,0,2
24.7951033,0,1,0.0,80,0,0,0,0,0,0,0,0,0,-1.5625,6.125,-15.25,False,False,0,2
24.9008126,0,1,0.0,81,0,0,0,0,0,0,0,0,0,-1.5625,6.1875,-15.25,False,False,0,2
24.9031003,0,1,0.0,82,0,0,0,0,0,0,0,0,0,-1.5625,6.125,-15.1875,False,False,0,2
25.0105658,0,1,0.0,83,0,0,0,0,0,0,0,0,0,-1.375,6.0625,-15.125,False,False,0,2
25.0127109,0,1,0.0,84,0,0,0,0,0,0,0,0,0,-1.4375,6.0625,-15.125,False,False,0,2
25.0148447,0,1,0.0,85,0,0,0,0,0,0,0,0,0,-1.625,6.125,-15.25,False,False,0,2
25.1204145,0,1,0.0,86,0,0,0,0,0,0,0,0,0,-1.5,6,-15.1875,False,False,0,2
25.1227956,0,1,0.0,87,0,0,0,0,0,0,0,0,0,-1.5,6.125,-15.1875,False,False,0,2
25.2305407,0,1,0.0,88,0,0,0,0,0,0,0,0,0,-1.5625,6.125,-15.1875,False,False,0,2
25.2328055,0,1,0.0,89,0,0,0,0,0,0,0,0,0,-1.625,6.125,-15.125,False,False,0,2
25.3435539,0,1,0.0,90,0,0,0,0,0,0,0,0,0,-1.5,6.1875,-15.25,False,False,0,2
25.3455247,0,1,0.0,91,0,0,0,0,0,0,0,0,0,-1.375,6.1875,-15.25,False,False,0,2
25.4477932,0,1,0.0,92,0,0,0,0,0,0,0,0,0,-1.4375,6.25,-15.125,False,False,0,2
25.4496534,0,1,0.0,93,0,0,0,0,0,0,0,0,0,-1.5,6.1875,-15.25,False,False,0,2
25.4518186,0,1,0.0,94,0,0,0,0,0,0,0,0,0,-1.5625,6.25,-15.1875,False,False,0,2
25.552507,0,1,0.0,95,0,0,0,0,0,0,0,0,0,-1.625,6.1875,-15.125,False,False,0,2
25.5548551,0,1,0.0,96,0,0,0,0,0,0,0,0,0,-1.5625,6.125,-15.1875,False,False,0,2
25.5975012,0,1,0.0,97,0,0,0,0,0,0,0,0,0,-1.4375,6.125,-15.0625,False,False,0,2
25.6689045,0,1,0.0,98,0,0,0,0,0,0,0,0,0,-1.5625,6.1875,-15.125,False,False,0,2
25.746193,0,1,0.0,99,0,0,0,0,0,0,0,0,0,-1.4375,6.1875,-15.1875,False,False,0,2
25.7488239,0,1,0.0,100,0,0,0,0,0,0,0,0,0,-1.4375,6.125,-15.1875,False,False,0,2
25.856354,0,1,0.0,101,0,0,0,0,0,0,0,0,0,-1.5,6.1875,-15.1875,False,False,0,2
25.8584848,0,1,0.0,102,0,0,0,0,0,0,0,0,0,-1.625,6.125,-15.3125,False,False,0,2
25.9063861,0,1,0.0,103,0,0,0,0,0,0,0,0,0,-1.5,6.0625,-15.1875,False,False,0,2
25.9657116,0,1,0.0,104,0,0,0,0,0,0,0,0,0,-1.4375,6.0625,-15.1875,False,False,0,2
26.0152501,0,1,0.0,105,0,0,0,0,0,0,0,0,0,-1.5,6.0625,-15.25,False,False,0,2
26.0632108,0,1,0.0,106,0,0,0,0,0,0,0,0,0,-1.5625,6.0625,-15.3125,False,False,0,2
26.1174886,0,1,0.0,107,0,0,0,0,0,0,0,0,0,-1.5,6.0625,-15.25,False,False,0,2
26.2263735,0,1,0.0,108,0,0,0,2,0,0,0,0,0,-1.4375,6,-15.1875,False,False,0,2
26.2283078,0,1,0.0,109,0,0,0,0,0,0,0,0,0,-1.5,6,-15.25,False,False,0,2
26.3344516,0,1,0.0,110,0,0,0,0,0,0,0,0,0,-1.5,6.0625,-15.25,False,False,0,2
26.3364825,0,1,0.0,111,0,0,0,0,0,0,0,0,0,-1.625,6.0625,-15.1875,False,False,0,2
26.4361151,0,1,0.0,112,0,0,0,0,0,0,0,0,0,-1.625,6.0625,-15.25,False,False,0,2
26.4384608,0,1,0.0,113,0,0,0,0,0,0,0,0,0,-1.625,6.1875,-15.25,False,False,0,2
26.4839334,0,1,0.0,114,0,0,0,0,0,0,0,0,0,-1.5625,6.125,-15.1875,False,False,0,2
26.5325773,0,1,0.0,115,0,0,0,0,0,0,0,0,0,-1.4375,6.125,-15.375,False,False,0,2
26.5810372,0,1,0.0,116,0,0,0,0,0,0,0,0,0,-1.5,6.0625,-15.4375,False,False,0,2
26.6256381,0,1,0.0,117,0,0,0,0,0,0,0,0,0,-1.4375,5.9375,-15.3125,False,False,0,2
26.6717814,0,1,0.0,118,0,0,2,0,0,0,0,0,0,-1.5,5.75,-15.4375,False,False,0,2
26.7189692,0,1,0.0,119,0,0,0,0,0,0,0,0,0,-1.5625,5.625,-15.375,False,False,0,2
26.7772121,0,1,0.0,120,0,0,0,0,0,0,0,0,0,-1.4375,5.5625,-15.4375,False,False,0,2
26.8784057,0,1,0.0,121,0,0,0,0,0,0,0,0,0,-1.5,5.375,-15.5625,False,False,0,2
26.8808846,0,1,0.0,122,0,0,0,0,0,0,0,0,0,-1.4375,5.1875,-15.375,False,False,0,2
26.925486,0,1,0.0,123,0,0,0,0,0,0,0,0,0,-1.375,5.0625,-15.625,False,False,0,2
26.9715552,0,1,0.0,124,0,0,0,0,0,0,0,0,0,-1.375,4.8125,-15.5625,False,False,0,2
27.0166233,0,1,0.0,125,0,0,0,0,0,0,0,0,0,-1.375,4.625,-15.5,False,False,0,2
27.063274,0,1,0.0,126,0,0,0,0,0,0,0,0,0,-1.375,4.5625,-15.4375,False,False,0,2
27.1085742,0,1,0.0,127,0,0,0,0,0,0,0,0,0,-1.5625,4.5625,-15.5,False,False,0,2
27.1681609,0,1,0.0,128,0,0,0,0,0,0,0,0,0,-1.75,4.6875,-15.5,False,False,0,2
27.2172001,0,1,0.0,129,0,0,0,0,0,0,0,0,0,-1.875,4.8125,-15.625,False,False,0,2
27.2671201,0,1,0.0,130,0,0,0,0,0,0,0,0,0,-1.6875,4.875,-15.75,False,False,0,2
27.3174366,0,1,0.0,131,0,0,0,0,0,0,0,0,0,-1.625,4.9375,-15.6875,False,False,0,2
27.3843068,0,1,0.0,132,0,0,0,0,0,0,0,0,0,-1.625,5.0625,-15.6875,False,False,0,2
27.4945917,0,1,0.0,133,0,0,0,0,0,0,0,0,0,-1.6875,5,-15.5625,False,False,0,2
27.497026,0,1,0.0,134,0,0,0,0,0,0,0,0,0,-1.75,5,-15.6875,False,False,0,2
27.5999411,0,1,0.0,135,0,0,0,0,0,0,0,0,0,-1.75,5,-15.6875,False,False,0,2
27.6028327,0,1,0.0,136,0,0,0,0,0,0,0,0,0,-1.6875,4.9375,-15.5625,False,False,0,2
27.7038723,0,1,0.0,137,0,0,0,0,0,0,0,0,0,-1.625,4.9375,-15.5625,False,False,0,2
27.7064393,0,1,0.0,138,0,0,2,0,0,0,0,0,0,-1.5,4.9375,-15.5,False,False,0,2
27.7088443,0,1,0.0,139,0,0,0,0,0,0,0,0,0,-1.5,5,-15.5625,False,False,0,2
27.7671342,0,1,0.0,140,0,0,0,0,0,0,0,0,0,-1.5,5.0625,-15.625,False,False,0,2
27.8264318,0,1,0.0,141,0,0,0,0,0,0,0,0,0,-1.375,5.125,-15.6875,False,False,0,2
27.9064627,0,1,0.0,142,0,0,0,0,0,0,0,0,0,-1.375,5.125,-15.5625,False,False,0,2
27.9525715,0,1,0.0,143,0,0,0,0,0,0,0,0,0,-1.375,5.0625,-15.5,False,False,0,2
27.9550925,0,1,0.0,144,0,0,0,0,0,0,0,0,0,-1.5625,5.1875,-15.5,False,False,0,2
27.9980266,0,1,0.0,145,0,0,0,0,0,0,0,0,0,-1.5,5.1875,-15.6875,False,False,0,2
28.0673062,0,1,0.0,146,0,0,0,0,0,0,0,0,0,-1.5,5.1875,-15.5625,False,False,0,2
28.1773092,0,1,0.0,147,0,0,0,0,0,0,0,0,0,-1.6875,5.1875,-15.375,False,False,0,2
28.1795656,0,1,0.0,148,0,0,0,2,0,0,0,0,0,-1.625,5.3125,-15.375,False,False,0,2
28.2877555,0,1,0.0,149,0,0,0,0,0,0,0,0,0,-1.375,5.375,-15.625,False,False,0,2
28.2905542,0,1,0.0,150,0,0,0,0,0,0,0,0,0,-1.5,5.375,-15.625,False,False,0,2
28.3381848,0,1,0.0,151,0,0,0,0,0,0,0,0,0,-1.5,5.3125,-15.4375,False,False,0,2
28.3860834,0,1,0.0,152,0,0,0,0,0,0,0,0,0,-1.5,5.25,-15.5,False,False,0,2
28.4281961,0,1,0.0,153,0,0,0,0,0,0,0,0,0,-1.625,5.25,-15.5625,False,False,0,2
28.4741668,0,1,0.0,154,0,0,0,0,0,0,0,0,0,-1.6875,5.1875,-15.625,False,False,0,2
28.5229078,0,1,0.0,155,0,0,0,0,0,0,0,0,0,-1.625,5.1875,-15.4375,False,False,0,2
28.5681159,0,1,0.0,156,0,0,0,0,0,0,0,0,0,-1.4375,5.1875,-15.5,False,False,0,2
28.6149277,0,1,0.0,157,0,0,0,0,0,0,0,0,0,-1.375,5.25,-15.5,False,False,0,2
28.6659441,0,1,0.0,158,0,0,2,0,0,0,0,0,0,-1.5,5.1875,-15.5625,False,False,0,2
28.7756392,0,1,0.0,159,0,0,0,0,0,0,0,0,0,-1.6875,5.1875,-15.4375,False,False,0,2
28.7780063,0,1,0.0,160,0,0,0,0,0,0,0,0,0,-1.8125,5.1875,-15.4375,False,False,0,2
28.8845568,0,1,0.0,161,0,0,0,0,0,0,0,0,0,-1.6875,5.25,-15.5625,False,False,0,2
28.8870254,0,1,0.0,162,0,0,0,0,0,0,0,0,0,-1.6875,5.25,-15.5625,False,False,0,2
28.926356,0,1,0.81,163,0,0,0,0,0,3,0,0,0,-1.6875,5.25,-15.375,False,False,0,2
28.9726601,0,1,0.81,164,0,0,0,0,0,0,0,0,0,-1.625,5.375,-15.5,False,False,0,2
29.0195512,0,1,0.81,165,0,0,0,0,0,0,0,0,0,-1.6875,5.375,-15.5,False,False,0,2
29.0648999,0,1,0.81,166,0,0,0,0,0,0,0,0,0,-1.625,5.3125,-15.5,False,False,0,2
29.1188152,0,1,0.81,167,0,0,0,0,0,0,0,0,0,-1.5625,5.375,-15.5,False,False,0,2
29.2361988,0,1,0.81,168,0,0,0,0,0,0,0,0,0,-1.5625,5.25,-15.5,False,False,0,2
29.2386328,0,1,0.81,169,0,0,0,0,0,0,0,0,0,-1.5625,5.3125,-15.5,False,False,0,2
29.2829423,0,1,0.81,170,0,0,0,0,0,0,0,0,0,-1.625,5.3125,-15.5,False,False,0,2
29.3285896,0,1,0.81,171,0,0,0,0,0,0,0,0,0,-1.625,5.25,-15.5,False,False,0,2
29.3741046,0,1,0.81,172,0,0,0,0,0,0,0,0,0,-1.4375,5.25,-15.5625,False,False,0,2
29.4204265,0,1,0.0,173,0,0,0,0,6,0,0,0,0,-1.4375,5.25,-15.4375,False,False,0,2
29.4665484,0,1,0.0,174,0,0,0,0,0,0,0,0,0,-1.5,5.3125,-15.375,False,False,0,2
29.5125606,0,1,0.0,175,0,0,0,0,0,0,0,0,0,-1.5625,5.3125,-15.5,False,False,0,2
29.5668376,0,1,0.0,176,0,0,0,0,0,0,0,0,0,-1.5625,5.375,-15.4375,False,False,0,2
29.6376244,0,1,0.0,177,0,0,0,0,0,0,0,0,0,-1.5625,5.375,-15.5625,False,False,0,2
29.747383,0,1,0.0,178,0,0,0,0,0,0,0,0,0,-1.6875,5.3125,-15.5,False,False,0,2
29.7498587,0,1,0.0,179,0,0,0,0,0,0,0,0,0,-1.625,5.3125,-15.5,False,False,0,2
29.8508006,0,1,0.0,180,0,0,0,0,0,0,0,0,0,-1.5625,5.3125,-15.5,False,False,0,2
29.8532092,0,1,0.0,181,0,0,0,0,0,0,0,0,0,-1.5625,5.375,-15.5,False,False,0,2
29.8952487,0,1,0.0,182,0,0,0,0,0,0,0,0,0,-1.5,5.3125,-15.4375,False,False,0,2
29.9447169,0,1,0.0,183,0,0,0,0,0,0,0,0,0,-1.375,5.25,-15.5,False,False,0,2
29.9473405,0,1,0.0,184,0,0,0,0,0,0,0,0,0,-1.4375,5.25,-15.5,False,False,0,2
30.0158666,0,1,0.0,185,0,0,0,0,0,0,0,0,0,-1.5625,5.3125,-15.5,False,False,0,2
30.1263675,0,1,0.0,186,0,0,0,0,0,0,0,0,0,-1.625,5.3125,-15.5,False,False,0,2
30.1285718,0,1,0.0,187,0,0,0,0,0,0,0,0,0,-1.5625,5.3125,-15.5,False,False,0,2
30.2354795,0,1,0.0,188,0,0,0,0,0,0,0,0,0,-1.625,5.25,-15.4375,False,False,0,2
30.2379217,0,1,0.0,189,0,0,0,0,0,0,0,0,0,-1.5625,5.3125,-15.5,False,False,0,2
30.3458625,0,1,0.0,190,0,0,0,0,0,0,0,0,0,-1.5625,5.25,-15.5,False,False,0,2
30.348447,0,1,0.0,191,0,0,0,0,0,0,0,0,0,-1.5625,5.1875,-15.5625,False,False,0,2
30.4646021,0,1,0.0,192,0,0,0,0,0,0,0,0,0,-1.5,5.25,-15.5,False,False,0,2
30.4668045,0,1,0.0,193,0,0,0,0,0,0,0,0,0,-1.5625,5.1875,-15.5,False,False,0,2
30.5095737,0,1,0.0,194,0,0,0,0,0,0,0,0,0,-1.625,5.25,-15.5625,False,False,0,2
30.5598969,0,1,0.0,195,0,0,0,0,0,0,0,0,0,-1.5,5.1875,-15.375,False,False,0,2
30.562315,0,1,0.0,196,0,0,0,0,0,0,0,0,0,-1.625,5.25,-15.5,False,False,0,2
30.6176754,0,1,0.0,197,0,0,0,0,0,0,0,0,0,-1.625,5.25,-15.5,False,False,0,2
30.6674624,0,1,0.0,198,0,0,0,0,0,0,0,0,0,-1.625,5.25,-15.375,False,False,0,2
30.7147873,0,1,0.0,199,0,0,0,0,0,0,0,0,0,-1.6875,5.25,-15.5625,False,False,0,2
30.7682154,0,1,0.0,200,0,0,0,0,0,0,0,0,0,-1.5625,5.25,-15.5625,False,False,0,2
30.8738041,0,1,0.0,201,0,0,0,0,0,0,0,0,0,-1.5625,5.25,-15.5,False,False,0,2
30.8764738,0,1,0.0,202,0,0,0,0,0,0,0,0,0,-1.625,5.25,-15.5625,False,False,0,2
30.9188042,0,1,0.0,203,0,0,0,0,0,0,0,0,0,-1.75,5.25,-15.4375,False,False,0,2
30.9673881,0,1,0.0,204,0,0,0,0,0,0,0,0,0,-1.625,5.3125,-15.5,False,False,0,2
31.0129967,0,1,0.0,205,0,0,0,0,0,0,0,0,0,-1.5,5.3125,-15.5625,False,False,0,2
31.0682478,0,1,0.0,206,0,0,0,0,0,0,0,0,0,-1.5625,5.375,-15.5,False,False,0,2
31.181118,0,1,0.0,207,0,0,0,0,0,0,0,0,0,-1.4375,5.3125,-15.4375,False,False,0,2
31.1835825,0,1,0.0,208,0,0,0,0,0,0,0,0,0,-1.5,5.3125,-15.4375,False,False,0,2
31.2432029,0,1,0.0,209,0,0,0,0,0,0,0,0,0,-1.5625,5.3125,-15.5,False,False,0,2
31.3406721,0,1,0.0,210,0,0,0,0,0,0,0,0,0,-1.5,5.3125,-15.4375,False,False,0,2
31.3431964,0,1,0.0,211,0,0,0,0,0,0,0,0,0,-1.5,5.25,-15.375,False,False,0,2
31.3846377,0,1,0.0,212,0,0,0,0,0,0,0,0,0,-1.5,5.375,-15.5,False,False,0,2
31.429792,0,1,0.0,213,0,0,0,0,0,0,0,0,0,-1.375,5.3125,-15.4375,False,False,0,2
31.4762647,0,1,0.0,214,0,0,0,0,0,0,0,0,0,-1.4375,5.375,-15.4375,False,False,0,2
31.5220546,0,1,0.0,215,0,0,0,0,0,0,0,0,0,-1.5,5.375,-15.4375,False,False,0,2
31.5679991,0,1,0.0,216,0,0,0,0,0,0,0,0,0,-1.3125,5.375,-15.625,False,False,0,2
31.6137168,0,1,0.0,217,0,0,0,0,0,0,0,0,0,-1.3125,5.375,-15.4375,False,False,0,2
31.6686334,0,1,0.0,218,0,0,0,0,0,0,0,0,0,-1.3125,5.4375,-15.375,False,False,0,2
31.7783774,0,1,0.0,219,0,0,0,0,0,0,0,0,0,-1.5,5.4375,-15.375,False,False,0,2
31.7808864,0,1,0.0,220,0,0,0,0,0,0,0,0,0,-1.375,5.5,-15.4375,False,False,0,2
31.8277335,0,1,0.0,221,0,0,0,0,0,0,0,0,0,-1.3125,5.5625,-15.4375,False,False,0,2
31.8750287,0,1,0.0,222,0,0,0,0,0,0,0,0,0,-1.4375,5.625,-15.4375,False,False,0,2
31.9196313,0,1,0.0,223,0,0,0,0,0,0,0,0,0,-1.5625,5.75,-15.4375,False,False,0,2
31.9654067,0,1,0.0,224,0,0,0,0,0,0,0,0,0,-1.625,5.8125,-15.375,False,False,0,2
32.0138779,0,1,0.0,225,0,0,0,0,0,0,0,0,0,-1.8125,5.8125,-15.3125,False,False,0,2
32.0621858,0,1,0.0,226,0,0,0,0,0,0,0,0,0,-1.75,5.75,-15.25,False,False,0,2
32.114996,0,1,0.0,227,0,0,0,0,0,0,0,0,0,-1.8125,5.75,-15.3125,False,False,0,2
32.2052891,0,1,0.0,228,0,0,0,0,0,0,0,0,0,-1.625,5.8125,-15.3125,False,False,0,2
32.2079939,0,1,0.0,229,0,0,0,0,0,0,0,0,0,-1.6875,5.875,-15.25,False,False,0,2
32.310364,0,1,0.0,230,0,0,0,0,0,0,0,0,0,-1.6875,5.8125,-15.25,False,False,0,2
32.3130906,0,1,0.0,231,0,0,0,0,0,0,0,0,0,-1.75,5.9375,-15.3125,False,False,0,2
32.3665618,0,1,0.0,232,0,0,0,0,0,0,0,0,0,-1.75,5.8125,-15.3125,False,False,0,2
32.4651094,0,1,0.0,233,0,0,0,0,0,0,0,0,0,-1.75,5.9375,-15.1875,False,False,0,2
32.4674273,0,1,0.0,234,0,0,0,0,0,0,0,0,0,-1.75,6,-15.25,False,False,0,2
32.5136505,0,1,0.0,235,0,0,0,0,0,0,0,0,0,-1.8125,5.9375,-15.25,False,False,0,2
32.580755,0,1,0.0,236,0,0,0,0,0,0,0,0,0,-1.75,6.0625,-15.25,False,False,0,2
32.6860781,0,1,0.0,237,0,0,0,0,0,0,0,0,0,-1.75,6.125,-15.3125,False,False,0,2
32.6885805,0,1,0.0,238,0,0,0,0,0,0,0,0,0,-1.6875,6.125,-15.25,False,False,0,2
32.78326,0,1,0.0,239,0,0,0,0,0,0,0,0,0,-1.6875,6.0625,-15.3125,False,False,0,2
32.7856206,0,1,0.0,240,0,0,0,0,0,0,0,0,0,-1.75,6.0625,-15.1875,False,False,0,2
32.8296321,0,1,0.0,241,0,0,0,0,0,0,0,0,0,-1.8125,5.9375,-15.25,False,False,0,2
32.8775756,0,1,0.0,242,0,0,0,0,0,0,0,0,0,-1.75,5.875,-15.1875,False,False,0,2
32.9275204,0,1,0.0,243,0,0,0,0,0,0,0,0,0,-1.6875,5.875,-15.1875,False,False,0,2
32.9765023,0,1,0.0,244,0,0,0,0,0,0,0,0,0,-1.75,5.9375,-15.25,False,False,0,2
33.0223322,0,1,0.0,245,0,0,0,0,0,0,0,0,0,-1.625,5.8125,-15.125,False,False,0,2
33.0674639,0,1,0.0,246,0,0,0,0,0,0,0,0,0,-1.75,5.9375,-15.25,False,False,0,2
33.1164573,0,1,0.0,247,0,0,0,0,0,0,0,0,0,-1.75,5.9375,-15.3125,False,False,0,2
33.1660279,0,1,0.0,248,0,0,0,0,0,0,0,0,0,-1.75,5.9375,-15.25,False,False,0,2
33.2103075,0,1,0.0,249,0,0,0,0,0,0,0,0,0,-1.75,6,-15.1875,False,False,0,2
33.2553603,0,1,0.0,250,0,0,0,0,0,0,0,0,0,-1.8125,5.9375,-15.25,False,False,0,2
33.3174802,0,1,0.0,251,0,0,0,0,0,0,0,0,0,-1.8125,5.9375,-15.25,False,False,0,2
33.3660013,0,1,0.0,252,0,0,0,0,0,0,0,0,0,-1.75,5.9375,-15.25,False,False,0,2
33.4259077,0,1,0.0,253,0,0,0,0,0,0,0,0,0,-1.6875,6,-15.1875,False,False,0,2
33.535976,0,1,0.0,254,0,0,0,0,0,0,0,0,0,-1.625,6,-15.1875,False,False,0,2
33.6411941,0,1,0.0,255,0,0,0,0,0,0,0,0,0,-1.8125,6,-15.3125,False,False,0,2
33.6437199,0,1,0.0,0,0,0,0,0,0,0,0,0,0,-1.75,6,-15.25,False,False,0,2
33.6461135,0,1,0.0,1,0,0,0,0,0,0,0,0,0,-1.75,5.9375,-15.1875,False,False,0,2
33.7444115,0,1,0.0,2,0,0,0,0,0,0,0,0,0,-1.75,6,-15.125,False,False,0,2
33.7468184,0,1,0.0,3,0,0,0,0,0,0,0,0,0,-1.75,5.9375,-15.25,False,False,0,2
33.7909416,0,1,0.0,4,0,0,0,0,0,0,0,0,0,-1.6875,5.9375,-15.3125,False,False,0,2
33.8358214,0,1,0.0,5,0,0,0,0,0,0,0,0,0,-1.5625,5.9375,-15.25,False,False,0,2
33.8837612,0,1,0.0,6,0,0,0,0,0,0,0,0,0,-1.625,5.875,-15.1875,False,False,0,2
33.9294381,0,1,0.0,7,0,0,0,0,0,0,0,0,0,-1.8125,5.9375,-15.3125,False,False,0,2
33.9779286,0,1,0.0,8,0,0,0,0,0,0,0,0,0,-1.75,5.875,-15.25,False,False,0,2
34.0243146,0,1,0.0,9,0,0,0,0,0,0,0,0,0,-1.6875,5.8125,-15.25,False,False,0,2
34.0725334,0,1,0.0,10,0,0,0,0,0,0,0,0,0,-1.6875,5.875,-15.25,False,False,0,2
34.1204079,0,1,0.0,11,0,0,0,0,0,0,0,0,0,-1.6875,5.9375,-15.25,False,False,0,2
34.1653932,0,1,0.81,12,0,0,0,1,0,3,0,0,0,-1.75,5.9375,-15.25,False,False,0,2
34.2183689,0,1,0.81,13,0,0,0,0,0,0,0,0,0,-1.625,6,-15.3125,False,False,0,2
34.3260416,0,1,0.81,14,0,0,0,0,0,0,0,0,0,-1.625,5.9375,-15.25,False,False,0,2
34.328358,0,1,0.81,15,0,0,0,0,0,0,0,0,0,-1.625,5.9375,-15.25,False,False,0,2
34.434676,0,1,0.81,16,0,0,0,0,0,0,0,0,0,-1.6875,5.9375,-15.1875,False,False,0,2
34.4371485,0,1,0.81,17,0,0,0,0,0,0,0,0,0,-1.75,6,-15.25,False,False,0,2
34.5442395,0,1,0.81,18,0,0,0,0,0,0,0,0,0,-1.75,5.9375,-15.1875,False,False,0,2
34.5469205,0,1,0.81,19,0,0,0,0,0,0,0,0,0,-1.625,5.9375,-15.25,False,False,0,2
34.6636505,0,1,0.81,20,0,0,0,0,0,0,0,0,0,-1.625,5.9375,-15.3125,False,False,0,2
34.6661632,0,1,0.81,21,0,0,0,0,0,0,0,0,0,-1.625,5.9375,-15.25,False,False,0,2
34.7088637,0,1,0.0,22,0,0,0,0,6,0,0,0,0,-1.625,5.9375,-15.25,False,False,0,2
34.7115544,0,1,0.0,23,0,0,0,0,0,0,0,0,0,-1.5625,5.875,-15.1875,False,False,0,2
34.7565073,0,1,0.0,24,0,0,0,0,0,0,0,0,0,-1.6875,6,-15.3125,False,False,0,2
34.8152392,0,1,0.0,25,0,0,0,0,0,0,0,0,0,-1.625,5.8125,-15.1875,False,False,0,2
34.8654519,0,1,0.0,26,0,0,0,0,0,0,0,0,0,-1.6875,6,-15.25,False,False,0,2
34.912214,0,1,0.0,27,0,0,0,0,0,0,0,0,0,-1.625,5.9375,-15.25,False,False,0,2
34.9653733,0,1,0.0,28,0,0,0,0,0,0,0,0,0,-1.6875,5.9375,-15.1875,False,False,0,2
35.0724955,0,1,0.0,29,0,0,0,0,0,0,0,0,0,-1.625,5.9375,-15.1875,False,False,0,2
35.0745725,0,1,0.0,30,0,0,0,0,0,0,0,0,0,-1.5625,5.9375,-15.1875,False,False,0,2
35.1178692,0,1,0.0,31,0,0,0,0,0,0,0,0,0,-1.5625,6,-15.25,False,False,0,2
35.1629553,0,1,0.0,32,0,0,0,0,0,0,0,0,0,-1.625,6,-15.3125,False,False,0,2
35.209745,0,1,0.0,33,0,0,0,0,0,0,0,0,0,-1.75,6,-15.25,False,False,0,2
35.2679287,0,1,0.0,34,0,0,0,0,0,0,0,0,0,-1.75,6,-15.25,False,False,0,2
35.3168031,0,1,0.0,35,0,0,0,0,0,0,0,0,0,-1.75,5.9375,-15.1875,False,False,0,2
35.3637434,0,1,0.0,36,0,0,0,0,0,0,0,0,0,-1.5625,5.9375,-15.25,False,False,0,2
35.4186758,0,1,0.0,37,140,53,0,0,0,0,0,0,0,-1.625,5.9375,-15.1875,False,False,0,2
35.5291956,0,1,0.0,38,0,0,0,0,0,0,0,0,0,-1.625,5.9375,-15.1875,False,False,0,2
35.5315644,0,1,0.0,39,0,0,0,0,0,0,0,0,0,-1.6875,6,-15.3125,False,False,0,2
35.5705311,0,1,0.0,40,0,0,0,0,0,0,0,0,0,-1.625,5.9375,-15.1875,False,False,0,2
35.6165765,0,1,0.0,41,0,0,0,0,0,0,0,0,0,-1.6875,5.9375,-15.25,False,False,0,2
35.6617632,0,1,0.0,42,0,0,0,0,0,0,0,0,0,-1.6875,5.875,-15.25,False,False,0,2
35.7174093,0,1,0.0,43,0,0,0,0,0,0,0,0,0,-1.75,5.9375,-15.375,False,False,0,2
35.7800379,0,1,0.0,44,0,0,0,0,0,0,0,0,0,-1.6875,6,-15.25,False,False,0,2
35.8904319,0,1,0.0,45,0,0,0,0,0,0,0,0,0,-1.75,5.9375,-15.25,False,False,0,2
35.892948,0,1,0.0,46,0,0,0,0,0,0,0,0,0,-1.6875,5.9375,-15.25,False,False,0,2
35.9396522,0,1,0.0,47,0,0,0,0,0,0,0,0,0,-1.625,5.875,-15.3125,False,False,0,2
35.942319,0,1,0.0,48,0,0,0,0,0,0,0,0,0,-1.5,5.9375,-15.1875,False,False,0,2
36.016703,0,1,0.0,49,0,0,0,0,0,0,0,0,0,-1.5625,5.9375,-15.25,False,False,0,2
36.0647922,0,1,0.0,50,0,0,0,0,0,0,0,0,0,-1.5625,5.9375,-15.3125,False,False,0,2
36.1124191,0,1,0.0,51,0,0,0,0,0,0,0,0,0,-1.75,5.9375,-15.25,False,False,0,2
36.1661622,0,1,0.0,52,0,0,0,0,0,0,0,0,0,-1.75,5.875,-15.1875,False,False,0,2
36.2752576,0,1,0.0,53,0,0,0,0,0,0,0,0,0,-1.75,5.875,-15.25,False,False,0,2
36.277738,0,1,0.0,54,0,0,0,0,0,0,0,0,0,-1.6875,5.9375,-15.25,False,False,0,2
36.3273314,0,1,0.0,55,0,0,0,0,0,0,0,0,0,-1.6875,5.875,-15.25,False,False,0,2
36.371852,0,1,0.0,56,0,0,0,0,0,0,0,0,0,-1.625,6,-15.3125,False,False,0,2
36.4175122,0,1,0.0,57,0,0,0,0,0,0,0,0,0,-1.5625,6,-15.1875,False,False,0,2
36.4682719,0,1,0.0,58,0,0,0,0,0,0,0,0,0,-1.5625,5.875,-15.1875,False,False,0,2
36.5773261,0,1,0.0,59,0,0,0,0,0,0,0,0,0,-1.6875,6,-15.25,False,False,0,2
36.5797182,0,1,0.0,60,0,0,0,0,0,0,0,0,0,-1.625,5.9375,-15.1875,False,False,0,2
36.6870758,0,1,0.0,61,0,0,0,0,0,0,0,0,0,-1.5625,6,-15.3125,False,False,0,2
36.6895251,0,1,0.0,62,0,0,0,0,0,0,0,0,0,-1.5625,6.0625,-15.3125,False,False,0,2
36.796343,0,1,0.0,63,0,0,0,0,0,0,0,0,0,-1.5,6,-15.25,False,False,0,2
36.7988055,0,1,0.0,64,0,0,0,0,0,0,0,0,0,-1.625,6.0625,-15.1875,False,False,0,2
36.9147206,0,1,0.0,65,0,0,0,0,0,0,0,0,0,-1.1875,5.9375,-15.25,False,False,0,2
36.9170323,0,1,0.0,66,0,0,0,0,0,0,0,0,0,-1.625,6.0625,-15.1875,False,False,0,2
36.9579783,0,1,0.0,67,0,0,2,0,0,0,0,0,0,-1.75,6.0625,-15.25,False,False,0,2
36.9606124,0,1,0.0,68,0,0,0,0,0,0,0,0,0,-1.6875,6.0625,-15.25,False,False,0,2
37.0060423,0,1,0.0,69,0,0,0,0,0,0,0,0,0,-1.6875,6.0625,-15.125,False,False,0,2
37.0682247,0,1,0.0,70,0,0,0,0,0,0,0,0,0,-1.5625,6.0625,-15.25,False,False,0,2
37.116402,0,1,0.0,71,0,0,0,0,0,0,0,0,0,-1.5625,6.125,-15.125,False,False,0,2
37.1620293,0,1,1.44,72,0,0,0,0,0,4,0,0,0,-1.5625,6.0625,-15.1875,False,False,0,2
37.2211301,0,1,1.44,73,0,0,0,0,0,0,0,0,0,-1.5625,6.125,-15.1875,False,False,0,2
37.3244647,0,1,1.44,74,0,0,0,0,0,0,0,0,0,-1.5,6.125,-15.1875,False,False,0,2
37.3268523,0,1,1.44,75,0,0,0,0,0,0,0,0,0,-1.5625,6.125,-15.1875,False,False,0,2
37.427282,0,1,1.44,76,0,0,0,0,0,0,0,0,0,-1.5625,6.125,-15.25,False,False,0,2
37.4298016,0,1,1.44,77,0,0,0,2,6,0,0,0,0,-1.5625,6.0625,-15.3125,False,False,0,2
37.4739926,0,1,1.44,78,0,0,0,0,0,0,0,0,0,-1.5625,6.125,-15.1875,False,False,0,2
37.5377031,0,1,1.44,79,0,0,0,0,0,0,0,0,0,-1.5,6.125,-15.25,False,False,0,2
37.6320802,0,1,1.44,80,0,0,0,0,0,0,0,0,0,-1.5625,6.125,-15.1875,False,False,0,2
37.634517,0,1,1.44,81,0,0,0,0,0,0,0,0,0,-1.5625,6.125,-15.125,False,False,0,2
37.679906,0,1,0.0,82,0,0,0,0,0,0,0,0,0,-1.5,6.125,-15.1875,False,False,0,2
37.7286443,0,1,0.0,83,0,0,0,0,0,0,0,0,0,-1.4375,6.1875,-15.1875,False,False,0,2
37.7760904,0,1,0.0,84,0,0,0,0,0,0,0,0,0,-1.5,6.125,-15.1875,False,False,0,2
37.8231714,0,1,0.0,85,0,0,0,0,0,0,0,0,0,-1.6875,6.125,-15.1875,False,False,0,2
37.8677237,0,1,0.0,86,0,0,0,0,0,0,0,0,0,-1.6875,6.125,-15.1875,False,False,0,2
37.9140663,0,1,0.0,87,0,0,0,0,0,0,0,0,0,-1.5625,6.125,-15.0625,False,False,0,2
37.9651804,0,1,0.0,88,0,0,0,0,0,0,0,0,0,-1.5625,6.125,-15.1875,False,False,0,2
38.0360317,0,1,0.0,89,0,0,0,0,0,0,0,0,0,-1.625,6.0625,-15.1875,False,False,0,2
38.0828535,0,1,0.0,90,0,0,0,0,0,0,0,0,0,-1.625,6.0625,-15.1875,False,False,0,2
38.1295695,0,1,0.0,91,0,0,0,0,0,0,0,0,0,-1.5,6.1875,-15.25,False,False,0,2
38.1756731,0,1,0.0,92,0,0,0,0,0,0,0,0,0,-1.5625,6.125,-15.125,False,False,0,2
38.2212647,0,1,0.0,93,0,0,0,0,0,0,0,0,0,-1.5625,6.0625,-15.1875,False,False,0,2
38.2672187,0,1,0.0,94,0,0,0,0,0,0,0,0,0,-1.5,6.125,-15.1875,False,False,0,2
38.3133375,0,1,0.0,95,0,0,0,0,0,0,0,0,0,-1.5,6.0625,-15.125,False,False,0,2
38.3589126,0,1,0.0,96,0,0,0,0,0,0,0,0,0,-1.5625,6.0625,-15.1875,False,False,0,2
38.4149758,0,1,0.0,97,0,0,0,0,0,0,0,0,0,-1.625,6.125,-15.25,False,False,0,2
38.5234089,0,1,0.0,98,0,0,0,0,0,0,0,0,0,-1.5625,6.1875,-15.25,False,False,0,2
38.5259286,0,1,0.0,99,0,0,0,0,0,0,0,0,0,-1.4375,6.0625,-15.1875,False,False,0,2
38.6323048,0,1,0.0,100,0,0,0,0,0,0,0,0,0,-1.5,6.1875,-15.1875,False,False,0,2
38.6348746,0,1,0.0,101,0,0,0,0,0,0,0,0,0,-1.5625,6.125,-15.125,False,False,0,2
38.7418614,0,1,0.0,102,0,0,0,0,0,0,0,0,0,-1.5625,6.1875,-15.1875,False,False,0,2
38.7445847,0,1,0.0,103,0,0,0,0,0,0,0,0,0,-1.6875,6.1875,-15.25,False,False,0,2
38.8592169,0,1,0.0,104,0,0,0,0,0,0,0,0,0,-1.5625,6.0625,-15.25,False,False,0,2
38.8617295,0,1,0.0,105,0,0,0,0,0,0,0,0,0,-1.5,6.125,-15.1875,False,False,0,2
38.9091628,0,1,0.0,106,0,0,0,0,0,0,0,0,0,-1.5,6.0625,-15.1875,False,False,0,2
38.9114188,0,1,0.0,107,0,0,1,0,0,0,0,0,0,-1.5,6.0625,-15.1875,False,False,0,2
38.9533695,0,1,0.0,108,0,0,0,0,0,0,0,0,0,-1.5625,6.0625,-15.1875,False,False,0,2
39.0180689,0,1,0.0,109,0,0,0,0,0,0,0,0,0,-1.5625,6.125,-15.3125,False,False,0,2
39.0611905,0,1,0.0,110,0,0,0,0,0,0,0,0,0,-1.5,6.125,-15.125,False,False,0,2
39.1077214,0,1,0.0,111,0,0,0,0,0,0,0,0,0,-1.5,6.0625,-15.1875,False,False,0,2
39.1665561,0,1,0.81,112,0,0,0,0,0,3,0,0,0,-1.5625,6.1875,-15.125,False,False,0,2
39.2149694,0,1,0.81,113,0,0,0,0,0,0,0,0,0,-1.5625,6.125,-15.3125,False,False,0,2
39.2631949,0,1,0.81,114,0,0,0,0,0,0,0,0,0,-1.5625,6.1875,-15.1875,False,False,0,2
39.316756,0,1,0.81,115,0,0,0,0,0,0,0,0,0,-1.625,6.1875,-15.25,False,False,0,2
39.4262923,0,1,0.81,116,0,0,0,0,0,0,0,0,0,-1.625,6.1875,-15.1875,False,False,0,2
39.4285134,0,1,0.81,117,0,0,0,0,0,0,0,0,0,-1.5,6.125,-15.1875,False,False,0,2
39.5324247,0,1,0.81,118,0,0,0,0,0,0,0,0,0,-1.5,6.125,-15.125,False,False,0,2
39.5349263,0,1,0.81,119,0,0,0,0,0,0,0,0,0,-1.5,6.1875,-15.1875,False,False,0,2
39.6428075,0,1,0.81,120,0,0,0,0,0,0,0,0,0,-1.5,6.1875,-15.25,False,False,0,2
39.6455382,0,1,0.81,121,0,0,0,0,0,0,0,0,0,-1.625,6.125,-15.125,False,False,0,2
39.7527202,0,1,0.0,122,0,0,0,0,7,0,0,0,0,-1.6875,6.125,-15.1875,False,False,0,2
39.7552945,0,1,0.0,123,0,0,0,0,0,0,0,0,0,-1.625,6.125,-15.1875,False,False,0,2
39.8608676,0,1,0.0,124,0,0,0,0,0,0,0,0,0,-1.625,6.1875,-15.1875,False,False,0,2
39.8634514,0,1,0.0,125,0,0,0,0,0,0,0,0,0,-1.5625,6.0625,-15.1875,False,False,0,2
39.8658276,0,1,0.0,126,0,0,0,0,0,0,0,0,0,-1.625,6.125,-15.1875,False,False,0,2
39.9679597,0,1,0.0,127,0,0,0,0,0,0,0,0,0,-1.5625,6.125,-15.25,False,False,0,2
39.9706041,0,1,0.0,128,0,0,0,0,0,0,0,0,0,-1.5625,6.0625,-15.125,False,False,0,2
40.0860315,0,1,0.0,129,0,0,0,0,0,0,0,0,0,-1.625,6.125,-15.1875,False,False,0,2
40.0886231,0,1,0.0,130,0,0,0,0,0,0,0,0,0,-1.625,6.125,-15.1875,False,False,0,2
40.191093,0,1,0.0,131,0,0,0,0,0,0,0,0,0,-1.5625,6.0625,-15.1875,False,False,0,2
40.1934221,0,1,0.0,132,0,0,0,0,0,0,0,0,0,-1.5625,6.0625,-15.1875,False,False,0,2
40.2415258,0,1,0.0,133,0,0,0,0,0,0,0,0,0,-1.6875,6.0625,-15.25,False,False,0,2
40.2902468,0,1,0.0,134,0,0,0,0,0,0,0,0,0,-1.625,6,-15.1875,False,False,0,2
40.3339029,0,1,0.0,135,0,0,0,0,0,0,0,0,0,-1.5625,6.0625,-15.25,False,False,0,2
40.3821495,0,1,0.0,136,0,0,0,0,0,0,0,0,0,-1.4375,6,-15.25,False,False,0,2
40.4300226,0,1,0.0,137,0,0,0,0,0,0,0,0,0,-1.5,6,-15.1875,False,False,0,2
40.4761952,0,1,0.0,138,0,0,0,0,0,0,0,0,0,-1.5,6,-15.25,False,False,0,2
40.5225765,0,1,0.0,139,0,0,0,0,0,0,0,0,0,-1.625,5.9375,-15.1875,False,False,0,2
40.5692509,0,1,0.0,140,0,0,0,0,0,0,0,0,0,-1.625,5.9375,-15.25,False,False,0,2
40.6151108,0,1,0.0,141,0,0,0,0,0,0,0,0,0,-1.5625,6.0625,-15.1875,False,False,0,2
40.6673253,0,1,0.0,142,0,0,0,0,0,0,0,0,0,-1.5,5.9375,-15.1875,False,False,0,2
40.7759683,0,1,0.0,143,0,0,0,0,0,0,0,0,0,-1.4375,6.125,-15.25,False,False,0,2
40.7784051,0,1,0.0,144,0,0,0,0,0,0,0,0,0,-1.4375,6.0625,-15.1875,False,False,0,2
40.8839123,0,1,0.0,145,0,0,0,0,0,0,0,0,0,-1.4375,6.0625,-15.1875,False,False,0,2
40.8865696,0,1,0.0,146,0,0,0,0,0,0,0,0,0,-1.4375,6.125,-15.25,False,False,0,2
40.9927324,0,1,0.0,147,0,0,0,0,0,0,0,0,0,-1.375,6.1875,-15.1875,False,False,0,2
40.9951213,0,1,0.0,148,0,0,0,0,0,0,0,0,0,-1.375,6.125,-15.1875,False,False,0,2
41.1028637,0,1,0.0,149,0,0,0,0,0,0,0,0,0,-1.4375,6.1875,-15.1875,False,False,0,2
41.1053227,0,1,0.0,150,0,0,0,0,0,0,0,0,0,-1.4375,6.125,-15.1875,False,False,0,2
41.2169437,0,1,0.0,151,0,0,0,0,0,0,0,0,0,-1.3125,6.125,-15.125,False,False,0,2
41.2198176,0,1,0.0,152,0,0,0,0,0,0,0,0,0,-1.375,6.125,-15.1875,False,False,0,2
41.2223844,0,1,0.0,153,0,0,0,0,0,0,0,0,0,-1.375,6.125,-15.1875,False,False,0,2
41.2682303,0,1,0.0,154,0,0,0,0,0,0,0,0,0,-1.4375,6.25,-15.1875,False,False,0,2
41.3137978,0,1,0.0,155,0,0,0,0,0,0,0,0,0,-1.4375,6.1875,-15.1875,False,False,0,2
41.3610858,0,1,0.0,156,0,0,0,0,0,0,0,0,0,-1.5,6.1875,-15.1875,False,False,0,2
41.4165047,0,1,0.0,157,0,0,0,0,0,0,0,0,0,-1.4375,6.1875,-15.1875,False,False,0,2
41.5230309,0,1,0.0,158,0,0,0,0,0,0,0,0,0,-1.4375,6.125,-15.1875,False,False,0,2
41.5254049,0,1,0.0,159,0,0,0,0,0,0,0,0,0,-1.4375,6.1875,-15.125,False,False,0,2
41.6266019,0,1,0.0,160,0,0,0,0,0,0,0,0,0,-1.375,6.1875,-15.1875,False,False,0,2
41.6289462,0,1,0.0,161,0,0,0,0,0,0,0,0,0,-1.4375,6.25,-15.125,False,False,0,2
41.6866473,0,1,0.0,162,0,0,0,0,0,0,0,0,0,-1.5,6.1875,-15.25,False,False,0,2
41.7826591,0,1,0.0,163,0,0,0,0,0,0,0,0,0,-1.4375,6.25,-15.125,False,False,0,2
41.7852913,0,1,0.0,164,0,0,0,0,0,0,0,0,0,-1.4375,6.25,-15.125,False,False,0,2
41.8282733,0,1,0.0,165,0,0,0,0,0,0,0,0,0,-1.5,6.3125,-15.25,False,False,0,2
41.875047,0,1,0.0,166,0,0,0,0,0,0,0,0,0,-1.5,6.25,-15.1875,False,False,0,2
41.9228609,0,1,0.0,167,0,0,0,0,0,0,0,0,0,-1.5,6.3125,-15.0625,False,False,0,2
41.9694151,0,1,0.0,168,0,0,0,0,0,0,0,0,0,-1.375,6.25,-15.125,False,False,0,2
42.0172238,0,1,0.0,169,0,0,0,0,0,0,0,0,0,-1.3125,6.3125,-15.1875,False,False,0,2
42.0609032,0,1,0.0,170,0,0,0,0,0,0,0,0,0,-1.375,6.1875,-15,False,False,0,2
42.1128383,0,1,0.0,171,0,0,0,0,0,0,0,0,0,-1.375,6.25,-15.1875,False,False,0,2
42.1662635,0,1,0.0,172,0,0,0,0,0,0,0,0,0,-1.5625,6.1875,-15.0625,False,False,0,2
42.2170114,0,1,0.0,173,0,0,0,0,0,0,0,0,0,-1.4375,6.25,-15.1875,False,False,0,2
42.2631306,0,1,0.0,174,0,0,0,0,0,0,0,0,0,-1.5,6.3125,-15.125,False,False,0,2
42.3217879,0,1,0.0,175,0,0,0,0,0,0,0,0,0,-1.4375,6.1875,-15,False,False,0,2
42.3719665,0,1,0.0,176,0,0,0,0,0,0,0,0,0,-1.4375,6.25,-15.25,False,False,0,2
42.419556,0,1,0.0,177,0,0,0,0,0,0,0,0,0,-1.375,6.25,-15.125,False,False,0,2
42.4724105,0,1,0.0,178,0,0,0,0,0,0,0,0,0,-1.4375,6.25,-15.0625,False,False,0,2
42.5388912,0,1,0.0,179,0,0,0,0,0,0,0,0,0,-1.5,6.25,-15.125,False,False,0,2
42.6519456,0,1,0.0,180,0,0,0,0,0,0,0,0,0,-1.5,6.25,-15.25,False,False,0,2
42.6546796,0,1,0.0,181,0,0,0,0,0,0,0,0,0,-1.5,6.25,-15.1875,False,False,0,2
42.6987485,0,1,0.0,182,130,80,0,0,1,0,0,0,0,-1.5625,6.3125,-15.125,False,False,0,2
42.7010969,0,1,0.0,183,0,0,0,0,0,0,0,0,0,-1.4375,6.25,-15.125,False,False,0,2
42.766743,0,1,0.0,184,0,0,0,0,0,0,0,0,0,-1.375,6.25,-15.125,False,False,0,2
42.8088117,0,1,0.0,185,0,0,0,0,0,0,0,0,0,-1.3125,6.25,-15.1875,False,False,0,2
42.8562575,0,1,0.0,186,0,0,0,0,0,0,0,0,0,-1.375,6.25,-15.1875,False,False,0,2
42.9145357,0,1,0.0,187,0,0,0,0,0,0,0,0,0,-1.4375,6.25,-15.125,False,False,0,2
42.9650706,0,1,0.0,188,0,0,0,0,0,0,0,0,0,-1.5625,6.3125,-15.1875,False,False,0,2
43.0108997,0,1,0.0,189,0,0,0,0,0,0,0,0,0,-1.4375,6.3125,-15.125,False,False,0,2
43.0672429,0,1,0.0,190,0,0,0,0,0,0,0,0,0,-1.5,6.1875,-15.0625,False,False,0,2
43.1656135,0,1,0.0,191,0,0,0,0,0,0,0,0,0,-1.5,6.25,-15.1875,False,False,0,2
43.1684481,0,1,0.0,192,0,0,0,0,0,0,0,0,0,-1.4375,6.1875,-15.125,False,False,0,2
43.2671451,0,1,0.0,193,0,0,0,0,0,0,0,0,0,-1.5,6.3125,-15.1875,False,False,0,2
43.2693767,0,1,0.0,194,0,0,0,0,0,0,0,0,0,-1.4375,6.3125,-15.125,False,False,0,2
43.3107301,0,1,0.0,195,0,0,0,0,0,0,0,0,0,-1.3125,6.25,-15.1875,False,False,0,2
43.3707717,0,1,0.0,196,0,0,0,0,0,0,0,0,0,-1.375,6.3125,-15.1875,False,False,0,2
43.43427,0,1,0.0,197,0,0,0,0,0,0,0,0,0,-1.375,6.25,-15.125,False,False,0,2
43.5308645,0,1,0.0,198,0,0,0,0,0,0,0,0,0,-1.4375,6.3125,-15.125,False,False,0,2
43.5329937,0,1,0.0,199,0,0,0,0,0,0,0,0,0,-1.5625,6.375,-15.125,False,False,0,2
43.577164,0,1,0.0,200,0,0,0,0,0,0,0,0,0,-1.4375,6.3125,-15.125,False,False,0,2
43.6261679,0,1,0.0,201,0,0,0,0,0,0,0,0,0,-1.375,6.4375,-15.125,False,False,0,2
43.6732441,0,1,0.0,202,0,0,0,0,0,0,0,0,0,-1.3125,6.375,-15.125,False,False,0,2
43.7189732,0,1,0.0,203,0,0,0,0,0,0,0,0,0,-1.375,6.375,-15.125,False,False,0,2
43.7657521,0,1,0.0,204,0,0,0,0,0,0,0,0,0,-1.375,6.4375,-15.125,False,False,0,2
43.8163809,0,1,0.0,205,0,0,0,0,0,0,0,0,0,-1.5625,6.3125,-15.125,False,False,0,2
43.9243963,0,1,0.0,206,0,0,0,0,0,0,0,0,0,-1.5,6.3125,-15.125,False,False,0,2
43.9268034,0,1,0.0,207,0,0,0,0,0,0,0,0,0,-1.5625,6.3125,-15.1875,False,False,0,2
44.0320408,0,1,0.0,208,0,0,0,0,0,0,0,0,0,-1.5,6.1875,-15.1875,False,False,0,2
44.0342671,0,1,0.0,209,0,0,0,0,0,0,0,0,0,-1.4375,6.3125,-15.1875,False,False,0,2
44.144033,0,1,0.0,210,0,0,0,0,0,0,0,0,0,-1.3125,6.25,-15.125,False,False,0,2
44.1464977,0,1,0.0,211,0,0,0,0,0,0,0,0,0,-1.4375,6.25,-15.125,False,False,0,2
44.251522,0,1,0.0,212,0,0,0,0,0,0,0,0,0,-1.625,6.1875,-15.1875,False,False,0,2
44.2540054,0,1,0.0,213,0,0,0,0,0,0,0,0,0,-1.625,6.1875,-15.1875,False,False,0,2
44.3613988,0,1,0.0,214,0,0,0,0,0,0,0,0,0,-1.4375,6.1875,-15.125,False,False,0,2
44.36394,0,1,0.0,215,0,0,0,0,0,0,0,0,0,-1.5,6.1875,-15.0625,False,False,0,2
44.3665601,0,1,0.0,216,0,0,0,0,0,0,0,0,0,-1.625,6.25,-15.1875,False,False,0,2
44.4687804,0,1,0.81,217,0,0,0,0,0,3,0,0,0,-1.5625,6.1875,-15.125,False,False,0,2
44.4714637,0,1,0.81,218,0,0,0,0,0,0,0,0,0,-1.5,6.3125,-15.125,False,False,0,2
44.5789298,0,1,0.81,219,0,0,0,0,0,0,0,0,0,-1.3125,6.25,-15.125,False,False,0,2
44.5814608,0,1,0.81,220,0,0,0,0,0,0,0,0,0,-1.375,6.375,-15.1875,False,False,0,2
44.697511,0,1,0.81,221,0,0,0,0,0,0,0,0,0,-1.5,6.3125,-15.125,False,False,0,2
44.7003086,0,1,0.81,222,0,0,0,1,0,0,0,0,0,-1.5,6.3125,-15.125,False,False,0,2
44.7420771,0,1,0.81,223,0,0,0,0,0,0,0,0,0,-1.5,6.375,-15.125,False,False,0,2
44.7896474,0,1,0.81,224,0,0,0,0,0,0,0,0,0,-1.4375,6.375,-15.1875,False,False,0,2
44.8375126,0,1,0.81,225,0,0,0,0,0,0,0,0,0,-1.375,6.4375,-15.125,False,False,0,2
44.8400456,0,1,0.81,226,0,0,0,0,0,0,0,0,0,-1.375,6.375,-15.0625,False,False,0,2
44.9008628,0,1,0.0,227,0,0,0,0,5,0,0,0,0,-1.3125,6.4375,-15,False,False,0,2
45.0059506,0,1,0.0,228,0,0,0,0,0,0,0,0,0,-1.375,6.4375,-15.125,False,False,0,2
45.0523843,0,1,0.0,229,0,0,0,0,0,0,0,0,0,-1.375,6.5,-15.125,False,False,0,2
45.0983664,0,1,0.0,230,0,0,0,0,0,0,0,0,0,-1.3125,6.5,-15.0625,False,False,0,2
45.1011682,0,1,0.0,231,0,0,0,0,0,0,0,0,0,-1.4375,6.4375,-15.125,False,False,0,2
45.1434763,0,1,0.0,232,0,0,0,0,0,0,0,0,0,-1.4375,6.4375,-15.0625,False,False,0,2
45.2043031,0,1,0.0,233,0,0,0,0,0,0,0,0,0,-1.3125,6.5625,-15.0625,False,False,0,2
45.2517736,0,1,0.0,234,0,0,0,0,0,0,0,0,0,-1.375,6.5625,-15.0625,False,False,0,2
45.3177862,0,1,0.0,235,0,0,0,0,0,0,0,0,0,-1.3125,6.5,-15.0625,False,False,0,2
45.3635633,0,1,0.0,236,0,0,0,0,0,0,0,0,0,-1.3125,6.5625,-15.125,False,False,0,2
45.4068123,0,1,0.0,237,0,0,0,0,0,0,0,0,0,-1.375,6.5,-15.125,False,False,0,2
45.4528576,0,1,0.0,238,0,0,0,0,0,0,0,0,0,-1.4375,6.4375,-15,False,False,0,2
45.5018703,0,1,0.0,239,0,0,0,0,0,0,0,0,0,-1.375,6.5,-15,False,False,0,2
45.5471171,0,1,0.0,240,0,0,0,0,0,0,0,0,0,-1.4375,6.4375,-15.0625,False,False,0,2
45.5945604,0,1,0.0,241,0,0,0,0,0,0,0,0,0,-1.375,6.5,-15.125,False,False,0,2
45.6635748,0,1,0.0,242,0,0,0,0,1,0,0,0,0,-1.4375,6.5,-15,False,False,0,2
45.7633226,0,1,0.0,243,0,0,0,0,0,0,0,0,0,-1.375,6.5,-15,False,False,0,2
45.8263615,0,1,0.0,244,0,0,0,0,0,0,0,0,0,-1.5,6.5625,-15.125,False,False,0,2
45.8287168,0,1,0.0,245,0,0,0,0,0,0,0,0,0,-1.375,6.5,-15.125,False,False,0,2
45.9251476,0,1,0.0,246,0,0,0,0,0,0,0,0,0,-1.4375,6.5625,-15.125,False,False,0,2
45.9276845,0,1,0.0,247,0,0,0,0,0,0,0,0,0,-1.5,6.5,-15.0625,False,False,0,2
46.0294741,0,1,0.0,248,0,0,0,0,0,0,0,0,0,-1.5,6.5,-15.0625,False,False,0,2
46.0320157,0,1,0.0,249,0,0,0,0,0,0,0,0,0,-1.375,6.5,-15,False,False,0,2
46.0775252,0,1,0.0,250,0,0,0,0,0,0,0,0,0,-1.375,6.5625,-15.0625,False,False,0,2
46.1240774,0,1,0.0,251,0,0,0,0,0,0,0,0,0,-1.3125,6.5,-15.0625,False,False,0,2
46.1703741,0,1,0.0,252,0,0,0,0,0,0,0,0,0,-1.375,6.5625,-15.0625,False,False,0,2
46.2153699,0,1,0.0,253,0,0,0,0,0,0,0,0,0,-1.4375,6.5,-15.0625,False,False,0,2
46.2604955,0,1,0.0,254,0,0,0,0,0,0,0,0,0,-1.5,6.5,-15.0625,False,False,0,2
46.3058288,0,1,0.0,255,0,0,0,0,0,0,0,0,0,-1.4375,6.5,-15.125,False,False,0,2
46.3524331,0,1,0.0,0,0,0,0,0,0,0,0,0,0,-1.375,6.375,-15,False,False,0,2
46.4021144,0,1,0.09,1,0,0,0,0,0,1,0,0,0,-1.375,6.5,-15,False,False,0,2
46.4460297,0,1,0.09,2,0,0,0,0,0,0,0,0,0,-1.375,6.5625,-15.125,False,False,0,2
46.4918581,0,1,0.09,3,0,0,0,0,0,0,0,0,0,-1.3125,6.4375,-15.0625,False,False,0,2
46.5542827,0,1,0.09,4,0,0,0,0,0,0,0,0,0,-1.375,6.5,-15.0625,False,False,0,2
46.6010875,0,1,0.09,5,0,0,0,0,0,0,0,0,0,-1.375,6.5625,-15.125,False,False,0,2
46.6454983,0,1,0.09,6,0,0,0,0,0,0,0,0,0,-1.3125,6.4375,-14.9375,False,False,0,2
46.7040952,0,1,0.09,7,0,0,0,0,0,0,0,0,0,-1.375,6.5,-15.0625,False,False,0,2
46.7526637,0,1,0.09,8,0,0,0,0,0,0,0,0,0,-1.4375,6.5,-15.125,False,False,0,2
46.8028283,0,1,0.09,9,0,0,0,0,0,0,0,0,0,-1.375,6.5,-15.0625,False,False,0,2
46.8534655,0,1,0.09,10,0,0,0,0,0,0,0,0,0,-1.375,6.5,-15.0625,False,False,0,2
46.952386,0,1,0.0,11,0,0,0,0,0,0,0,0,0,-1.4375,6.5625,-15.0625,False,False,0,2
46.9549547,0,1,0.0,12,0,0,0,0,0,0,0,0,0,-1.375,6.5625,-15.0625,False,False,0,2
47.0045264,0,1,0.0,13,0,0,0,0,0,0,0,0,0,-1.375,6.5625,-15.0625,False,False,0,2
47.0529919,0,1,0.0,14,0,0,0,0,0,0,0,0,0,-1.4375,6.5625,-15.0625,False,False,0,2
47.1017396,0,1,0.0,15,0,0,0,0,0,0,0,0,0,-1.4375,6.625,-15.0625,False,False,0,2
47.1529005,0,1,0.0,16,0,0,0,0,0,0,0,0,0,-1.375,6.5,-15.125,False,False,0,2
47.2588334,0,1,0.0,17,0,0,0,0,0,0,0,0,0,-1.25,6.5,-15,False,False,0,2
47.2612523,0,1,0.0,18,0,0,0,0,0,0,0,0,0,-1.25,6.5625,-15.0625,False,False,0,2
47.3042062,0,1,0.0,19,0,0,0,0,0,0,0,0,0,-1.5,6.5,-15.125,False,False,0,2
47.3467317,0,1,0.0,20,0,0,0,0,0,0,0,0,0,-1.625,6.5625,-15,False,False,0,2
47.3929409,0,1,0.0,21,0,0,1,0,0,0,0,0,0,-1.5625,6.5,-15,False,False,0,2
47.4519244,0,1,0.0,22,0,0,0,0,0,0,0,0,0,-1.3125,6.5625,-15.0625,False,False,0,2
47.5006672,0,1,0.0,23,0,0,0,0,0,0,0,0,0,-1.3125,6.5625,-15.0625,False,False,0,2
47.5483909,0,1,0.0,24,0,0,0,0,0,0,0,0,0,-1.5,6.5,-15.125,False,False,0,2
47.6064036,0,1,0.0,25,0,0,0,0,0,0,0,0,0,-1.5625,6.5625,-15.0625,False,False,0,2
47.6576818,0,1,1.44,26,0,0,0,0,0,4,0,0,0,-1.4375,6.5,-15.0625,False,False,0,2
47.7279894,0,1,1.44,27,0,0,0,0,0,0,0,0,0,-1.375,6.5,-15,False,False,0,2
47.8175548,0,1,1.44,28,0,0,0,0,0,0,0,0,0,-1.375,6.5,-15.0625,False,False,0,2
47.8199741,0,1,1.44,29,0,0,0,0,0,0,0,0,0,-1.375,6.5,-15,False,False,0,2
47.9258992,0,1,1.44,30,0,0,0,0,0,0,0,0,0,-1.4375,6.5,-15.0625,False,False,0,2
47.9285323,0,1,1.44,31,0,0,0,0,7,0,0,0,0,-1.4375,6.5,-15.0625,False,False,0,2
48.0342309,0,1,1.44,32,0,0,0,0,0,0,0,0,0,-1.5625,6.5,-15.125,False,False,0,2
48.0364822,0,1,1.44,33,0,0,0,0,0,0,0,0,0,-1.5,6.5,-15,False,False,0,2
48.0780365,0,1,1.44,34,0,0,0,0,0,0,0,0,0,-1.5,6.5,-15.0625,False,False,0,2
48.1256864,0,1,1.44,35,0,0,0,0,0,0,0,0,0,-1.4375,6.5625,-15.125,False,False,0,2
48.1709808,0,1,0.0,36,0,0,0,0,0,0,0,0,0,-1.4375,6.5625,-15,False,False,0,2
48.2192885,0,1,0.0,37,0,0,0,0,0,0,0,0,0,-1.4375,6.5,-14.9375,False,False,0,2
48.2812275,0,1,0.0,38,0,0,0,0,0,0,0,0,0,-1.4375,6.5625,-15.0625,False,False,0,2
48.3827501,0,1,0.0,39,0,0,0,0,0,0,0,0,0,-1.375,6.5625,-15,False,False,0,2
48.3852493,0,1,0.0,40,0,0,0,0,0,0,0,0,0,-1.5,6.4375,-15.0625,False,False,0,2
48.4884134,0,1,0.0,41,0,0,0,0,0,0,0,0,0,-1.625,6.5,-15,False,False,0,2
48.4905915,0,1,0.0,42,0,0,0,0,0,0,0,0,0,-1.5625,6.4375,-15,False,False,0,2
48.5334568,0,1,0.0,43,0,0,0,0,0,0,0,0,0,-1.375,6.5,-15,False,False,0,2
48.5814821,0,1,0.0,44,0,0,0,0,0,0,0,0,0,-1.375,6.5625,-15.0625,False,False,0,2
48.5841941,0,1,0.0,45,0,0,0,0,0,0,0,0,0,-1.375,6.5,-15,False,False,0,2
48.6547301,0,1,0.0,46,0,0,0,0,0,0,0,0,0,-1.5,6.5625,-15,False,False,0,2
48.7061231,0,1,0.0,47,0,0,0,0,0,0,0,0,0,-1.5,6.5625,-15.0625,False,False,0,2
48.7545122,0,1,0.0,48,0,0,0,0,0,0,0,0,0,-1.5625,6.5625,-15.0625,False,False,0,2
48.8045345,0,1,0.0,49,0,0,0,0,0,0,0,0,0,-1.5625,6.5,-15.0625,False,False,0,2
48.8972422,0,1,0.0,50,0,0,0,0,0,0,0,0,0,-1.4375,6.5625,-15.125,False,False,0,2
48.8995928,0,1,0.0,51,0,0,0,0,0,0,0,0,0,-1.3125,6.5625,-15.125,False,False,0,2
49.0012312,0,1,0.0,52,0,0,0,0,0,0,0,0,0,-1.375,6.625,-15,False,False,0,2
49.0036358,0,1,0.0,53,0,0,0,0,0,0,0,0,0,-1.375,6.5625,-15.0625,False,False,0,2
49.0487424,0,1,0.0,54,0,0,0,0,0,0,0,0,0,-1.3125,6.5,-15.125,False,False,0,2
49.1045028,0,1,0.0,55,0,0,0,0,0,0,0,0,0,-1.375,6.5625,-15,False,False,0,2
49.2057104,0,1,0.0,56,0,0,0,0,0,0,0,0,0,-1.375,6.5625,-15.0625,False,False,0,2
49.2079882,0,1,0.0,57,0,0,0,0,0,0,0,0,0,-1.4375,6.5625,-15,False,False,0,2
49.2555946,0,1,0.0,58,0,0,0,0,0,0,0,0,0,-1.5,6.5,-15.0625,False,False,0,2
49.3010446,0,1,0.0,59,0,0,0,0,0,0,0,0,0,-1.3125,6.5,-15.0625,False,False,0,2
49.3446449,0,1,0.0,60,0,0,0,0,0,0,0,0,0,-1.375,6.5625,-15.0625,False,False,0,2
49.4107538,0,1,0.0,61,0,0,0,0,0,0,0,0,0,-1.4375,6.5,-14.875,False,False,0,2
49.4533906,0,1,0.0,62,0,0,0,0,0,0,0,0,0,-1.5,6.5625,-15.125,False,False,0,2
49.4986,0,1,0.0,63,0,0,0,0,0,0,0,0,0,-1.5,6.5625,-15.0625,False,False,0,2
49.5550181,0,1,0.0,64,0,0,0,0,0,0,0,0,0,-1.4375,6.5625,-15.0625,False,False,0,2
49.66264,0,1,0.0,65,0,0,0,0,0,0,0,0,0,-1.4375,6.5625,-15,False,False,0,2
49.6651472,0,1,0.0,66,0,0,0,0,0,0,0,0,0,-1.4375,6.5,-15.0625,False,False,0,2
49.7712319,0,1,0.0,67,0,0,0,0,0,0,0,0,0,-1.5,6.5,-15.0625,False,False,0,2
49.7739588,0,1,0.0,68,0,0,0,0,0,0,0,0,0,-1.4375,6.5,-15.0625,False,False,0,2
49.8794458,0,1,0.0,69,0,0,0,0,0,0,0,0,0,-1.3125,6.4375,-15,False,False,0,2
49.8816738,0,1,0.0,70,0,0,0,0,0,0,0,0,0,-1.3125,6.4375,-15.0625,False,False,0,2
49.9882453,0,1,0.0,71,0,0,0,0,0,0,0,0,0,-1.3125,6.5,-15.125,False,False,0,2
49.9906012,0,1,0.0,72,0,0,0,0,0,0,0,0,0,-1.375,6.5,-15.0625,False,False,0,2
50.097699,0,1,0.0,73,0,0,0,0,0,0,0,0,0,-1.4375,6.5625,-15.0625,False,False,0,2
50.0999933,0,1,0.0,74,0,0,0,0,0,0,0,0,0,-1.4375,6.5,-15.0625,False,False,0,2
50.102496,0,1,0.0,75,0,0,0,0,0,0,0,0,0,-1.5,6.5,-15.0625,False,False,0,2
50.2071148,0,1,0.0,76,0,0,0,0,0,0,0,0,0,-1.4375,6.5,-15.125,False,False,0,2
50.2095838,0,1,0.0,77,0,0,0,0,0,0,0,0,0,-1.375,6.5,-15.0625,False,False,0,2
50.3178034,0,1,0.0,78,0,0,0,0,0,0,0,0,0,-1.375,6.5,-15.0625,False,False,0,2
50.3201527,0,1,0.0,79,0,0,0,0,0,0,0,0,0,-1.5,6.375,-15.125,False,False,0,2
50.4307706,0,1,0.0,80,0,0,0,0,0,0,0,0,0,-1.375,6.5,-15.0625,False,False,0,2
50.4332457,0,1,0.0,81,0,0,0,0,0,0,0,0,0,-1.375,6.4375,-15.0625,False,False,1,2
50.5358712,0,1,0.0,82,0,0,0,0,0,0,0,0,0,-1.5,6.4375,-15.0625,False,False,1,2
50.5385178,0,1,0.0,83,0,0,0,0,0,0,0,0,0,-1.4375,6.4375,-15.0625,False,False,1,2
50.5408597,0,1,0.0,84,0,0,0,0,0,0,0,0,0,-1.375,6.5625,-15.0625,False,False,1,2
50.6403432,0,1,0.0,85,0,0,0,0,0,0,0,0,0,-1.375,6.5,-15,False,False,1,2
50.6859207,0,1,0.0,86,0,0,0,0,0,0,0,0,0,-1.375,6.5,-15.125,False,False,1,2
50.6883647,0,1,0.0,87,0,0,0,0,0,0,0,0,0,-1.4375,6.5,-15.125,False,False,1,2
50.7566439,0,1,0.0,88,0,0,0,0,0,0,0,0,0,-1.3125,6.5625,-14.9375,False,False,1,2
50.8411935,0,1,0.0,89,0,0,0,0,0,0,0,0,0,-1.375,6.5,-15.0625,False,False,1,2
50.8435058,0,1,0.0,90,0,0,0,0,0,0,0,0,0,-1.5,6.5625,-15.125,False,False,1,2
50.9030863,0,1,1.44,91,0,0,0,0,0,4,0,0,0,-1.4375,6.5,-15.125,False,False,1,2
50.9478199,0,1,1.44,92,0,0,0,0,0,0,0,0,0,-1.4375,6.5625,-15.0625,False,False,1,2
50.992395,0,1,1.44,93,0,0,0,0,0,0,0,0,0,-1.375,6.5625,-15.0625,False,False,1,2
51.0552231,0,1,1.44,94,0,0,0,0,0,0,0,0,0,-1.375,6.5,-15.0625,False,False,1,2
51.10021,0,1,1.44,95,0,0,0,0,0,0,0,0,0,-1.5,6.5625,-15,False,False,1,2
51.1476313,0,1,1.44,96,0,0,0,0,0,0,0,0,0,-1.5625,6.5625,-15,False,False,1,2
51.2035308,0,1,1.44,97,0,0,0,0,0,0,0,0,0,-1.5,6.5625,-15.0625,False,False,1,2
51.2541356,0,1,1.44,98,0,0,0,0,0,0,0,0,0,-1.5625,6.5625,-15.0625,False,False,1,2
51.3028315,0,1,1.44,99,0,0,0,0,0,0,0,0,0,-1.5,6.5625,-15.125,False,False,1,2
51.3587849,0,1,1.44,100,0,0,0,0,0,0,0,0,0,-1.375,6.5625,-15.125,False,False,1,2
51.4103657,0,1,0.0,101,0,0,0,0,0,0,0,0,0,-1.375,6.5625,-15,False,False,1,2
51.4559634,0,1,0.0,102,0,0,0,0,0,0,0,0,0,-1.5,6.5625,-15.0625,False,False,1,2
51.5046525,0,1,0.0,103,0,0,0,0,0,0,0,0,0,-1.5,6.5,-15.1875,False,False,1,2
51.5486177,0,1,0.0,104,0,0,0,0,0,0,0,0,0,-1.5,6.5,-15.125,False,False,1,2
51.5941019,0,1,0.0,105,0,0,0,0,0,0,0,0,0,-1.4375,6.5,-15,False,False,1,2
51.6543877,0,1,0.0,106,0,0,0,0,7,0,0,0,0,-1.5,6.5,-15.0625,False,False,1,2
51.7024205,0,1,0.0,107,0,0,0,0,0,0,0,0,0,-1.5,6.4375,-15.125,False,False,1,2
51.7490744,0,1,0.0,108,0,0,0,0,0,0,0,0,0,-1.4375,6.5,-15.0625,False,False,1,2
51.8017127,0,1,0.0,109,0,0,0,0,0,0,0,0,0,-1.375,6.4375,-15.0625,False,False,1,2
51.9119283,0,1,0.0,110,0,0,0,0,0,0,0,0,0,-1.375,6.5,-14.9375,False,False,1,2
51.9145938,0,1,0.0,111,0,0,0,0,0,0,0,0,0,-1.4375,6.5,-15.125,False,False,1,2
52.0223938,0,1,0.0,112,0,0,0,0,0,0,0,0,0,-1.5,6.5625,-15,False,False,1,2
52.0248227,0,1,0.0,113,0,0,0,0,0,0,0,0,0,-1.625,6.5,-15.0625,False,False,1,2
52.1327072,0,1,0.0,114,0,0,0,0,0,0,0,0,0,-1.5,6.375,-15.0625,False,False,1,2
52.1351508,0,1,0.0,115,0,0,0,0,0,0,0,0,0,-1.5,6.5,-15.0625,False,False,1,2
52.1836335,0,1,0.0,116,0,0,0,0,0,0,0,0,0,-1.5,6.5625,-15.125,False,False,1,2
52.1861381,0,1,0.0,117,0,0,0,0,0,0,0,0,0,-1.4375,6.5,-14.9375,False,False,1,2
52.2544991,0,1,0.0,118,0,0,0,0,0,0,0,0,0,-1.375,6.5,-15.0625,False,False,1,2
52.3059275,0,1,0.0,119,0,0,0,0,0,0,0,0,0,-1.375,6.5,-14.9375,False,False,1,2
52.3510324,0,1,0.0,120,0,0,0,0,0,0,0,0,0,-1.4375,6.5625,-15.125,False,False,1,2
52.4010559,0,1,0.0,121,0,0,0,0,0,0,0,0,0,-1.375,6.5625,-15.0625,False,False,1,2
52.4455871,0,1,0.0,122,0,0,0,0,0,0,0,0,0,-1.5,6.5,-15.0625,False,False,1,2
52.4915809,0,1,0.0,123,0,0,0,0,0,0,0,0,0,-1.5,6.5625,-15.0625,False,False,1,2
52.5556547,0,1,0.0,124,0,0,0,0,0,0,0,0,0,-1.375,6.625,-15,False,False,1,2
52.60107,0,1,0.0,125,0,0,0,0,0,0,0,0,0,-1.3125,6.5625,-15,False,False,1,2
52.6452385,0,1,0.0,126,0,0,0,0,0,0,0,0,0,-1.3125,6.5625,-15.0625,False,False,1,2
52.7035902,0,1,0.0,127,0,0,0,0,0,0,0,0,0,-1.375,6.625,-15,False,False,1,2
52.752072,0,1,0.0,128,0,0,0,0,0,0,0,0,0,-1.3125,6.5625,-15.125,False,False,1,2
52.7980156,0,1,0.0,129,0,0,0,0,0,0,0,0,0,-1.4375,6.5625,-15,False,False,1,2
52.856142,0,1,0.0,130,0,0,0,0,0,0,0,0,0,-1.375,6.5625,-15.0625,False,False,1,2
52.9043938,0,1,0.0,131,0,0,0,0,0,0,0,0,0,-1.375,6.625,-15.0625,False,False,1,2
52.9506784,0,1,0.0,132,0,0,0,0,0,0,0,0,0,-1.375,6.6875,-15.0625,False,False,1,2
53.0045621,0,1,0.0,133,0,0,0,0,0,0,0,0,0,-1.3125,6.6875,-15,False,False,1,2
53.094035,0,1,0.0,134,0,0,0,0,0,0,0,0,0,-1.5,6.6875,-15,False,False,1,2
53.0966225,0,1,0.0,135,0,0,0,0,0,0,0,0,0,-1.4375,6.625,-15.0625,False,False,1,2
53.1547459,0,1,0.0,136,0,0,4,0,1,0,0,0,0,-1.4375,6.625,-15.0625,False,False,1,2
53.1989785,0,1,0.0,137,0,0,0,0,0,0,0,0,0,-1.4375,6.6875,-15.0625,False,False,1,2
53.244416,0,1,0.0,138,0,0,0,0,0,0,0,0,0,-1.4375,6.5625,-15.0625,False,False,1,2
53.3532144,0,1,0.0,139,0,0,0,0,0,0,0,0,0,-1.375,6.625,-15.0625,False,False,1,2
53.355824,0,1,0.0,140,0,0,0,0,0,0,0,0,0,-1.3125,6.5625,-15.0625,False,False,1,2
53.4042606,0,1,0.0,141,0,0,0,1,0,0,0,0,0,-1.3125,6.5,-15.0625,False,False,1,2
53.4505815,0,1,0.0,142,0,0,0,0,0,0,0,0,0,-1.375,6.5625,-15.125,False,False,1,2
53.4961766,0,1,0.0,143,0,0,0,0,0,0,0,0,0,-1.375,6.5625,-15,False,False,1,2
53.5412466,0,1,0.0,144,0,0,0,0,0,0,0,0,0,-1.5,6.6875,-15,False,False,1,2
53.6039817,0,1,0.0,145,0,0,0,0,0,0,0,0,0,-1.4375,6.75,-15.1875,False,False,1,2
53.6498682,0,1,0.0,146,0,0,4,0,0,0,0,0,0,-1.3125,6.75,-15.1875,False,False,1,2
53.7118609,0,1,0.0,147,0,0,0,0,0,0,0,0,0,-1.4375,6.625,-15.125,False,False,1,2
53.8155236,0,1,0.0,148,0,0,0,0,0,0,0,0,0,-1.375,6.5,-15.3125,False,False,1,2
53.8177319,0,1,0.0,149,0,0,0,0,0,0,0,0,0,-1.0625,6.375,-15.0625,False,False,1,2
53.9132852,0,1,0.0,150,0,0,0,0,0,0,0,0,0,-1,6.375,-14.875,False,False,1,2
53.9156666,0,1,0.0,151,0,0,0,3,0,0,0,0,0,-1.25,6.25,-14.9375,False,False,1,2
53.9623576,0,1,0.0,152,0,0,0,0,0,0,0,0,0,-1.5,6.3125,-15.125,False,False,1,2
54.0091229,0,1,0.0,153,0,0,0,0,0,0,0,0,0,-1.4375,6.0625,-15.1875,False,False,1,2
54.0555681,0,1,0.0,154,0,0,0,0,0,0,0,0,0,-1.5625,6.1875,-15,False,False,1,2
54.1036586,0,1,0.0,155,0,0,0,0,0,0,0,0,0,-1.6875,6.1875,-15.125,False,False,1,2
54.1493001,0,1,0.0,156,0,0,0,0,1,0,0,0,0,-1.5625,6.3125,-15.1875,False,False,1,2
54.2069764,0,1,0.0,157,0,0,0,0,0,0,0,0,0,-1.625,6.25,-15,False,False,1,2
54.253899,0,1,0.0,158,0,0,0,0,0,0,0,0,0,-1.9375,6.375,-15.0625,False,False,1,2
54.3001334,0,1,0.0,159,0,0,0,0,0,0,0,0,0,-2.1875,6.4375,-15.0625,False,False,1,2
54.3577257,0,1,0.0,160,0,0,0,0,0,0,0,0,0,-2.1875,6.4375,-15,False,False,1,2
54.4072932,0,1,0.09,161,0,0,0,0,0,1,0,0,0,-2.125,6.5625,-15.125,False,False,1,2
54.4527918,0,1,0.09,162,0,0,0,0,0,0,0,0,0,-1.5625,6.4375,-15.125,False,False,1,2
54.5024211,0,1,0.09,163,0,0,0,0,0,0,0,0,0,-1.5,6.4375,-15,False,False,1,2
54.5455117,0,1,0.09,164,0,0,0,0,0,0,0,0,0,-1.75,6.375,-15.0625,False,False,1,2
54.5936139,0,1,0.09,165,0,0,0,0,0,0,0,0,0,-1.8125,6.375,-15.0625,False,False,1,2
54.6543608,0,1,0.09,166,0,0,0,0,0,0,0,0,0,-1.5625,6.4375,-15.0625,False,False,1,2
54.7030493,0,1,0.09,167,0,0,0,0,0,0,0,0,0,-1.5,6.5,-15.1875,False,False,1,2
54.7497408,0,1,0.09,168,0,0,0,0,0,0,0,0,0,-1.625,6.5,-15.125,False,False,1,2
54.8054491,0,1,0.09,169,0,0,0,0,0,0,0,0,0,-1.5,6.375,-15.1875,False,False,1,2
54.914215,0,1,0.09,170,0,0,0,0,0,0,0,0,0,-1.4375,6.375,-15.125,False,False,1,2
54.9168697,0,1,0.0,171,0,0,0,0,0,0,0,0,0,-1.375,6.3125,-15.0625,False,False,1,2
55.0239041,0,1,0.0,172,0,0,0,0,0,0,0,0,0,-1.5,6.25,-15.0625,False,False,1,2
55.026173,0,1,0.0,173,0,0,0,0,0,0,0,0,0,-1.5,6.3125,-15.0625,False,False,1,2
55.0753168,0,1,0.0,174,0,0,0,0,0,0,0,0,0,-1.625,6.375,-15.0625,False,False,1,2
55.1228917,0,1,0.0,175,0,0,0,0,0,0,0,0,0,-1.8125,6.375,-15,False,False,1,2
55.1685264,0,1,0.0,176,0,0,0,0,0,0,0,0,0,-1.75,6.5,-15.125,False,False,1,2
55.2147833,0,1,0.0,177,0,0,0,0,0,0,0,0,0,-1.6875,6.5,-15.1875,False,False,1,2
55.2593469,0,1,0.0,178,0,0,0,0,0,0,0,0,0,-1.8125,6.5,-15.125,False,False,1,2
55.304696,0,1,0.0,179,0,0,0,0,0,0,0,0,0,-1.8125,6.4375,-15.1875,False,False,1,2
55.3532025,0,1,0.0,180,0,0,0,0,0,0,0,0,0,-1.6875,6.375,-15.0625,False,False,1,2
55.4041284,0,1,0.0,181,0,0,0,0,0,0,0,0,0,-1.75,6.25,-15,False,False,0,2
55.4472256,0,1,0.0,182,0,0,0,0,0,0,0,0,0,-1.875,6.25,-14.9375,False,False,0,2
55.4927754,0,1,0.0,183,0,0,0,0,0,0,0,0,0,-2,6.4375,-14.9375,False,False,0,2
55.5506827,0,1,0.0,184,0,0,0,0,0,0,0,0,0,-1.625,6.5,-15.1875,False,False,0,2
55.6557328,0,1,0.0,185,0,0,0,0,0,0,0,0,0,-1.4375,6.5625,-15.25,False,False,0,2
55.6581979,0,1,0.0,186,0,0,0,0,0,0,0,0,0,-1.5,6.5,-15.1875,False,False,0,2
55.7705394,0,1,0.0,187,0,0,0,0,0,0,0,0,0,-1.625,6.4375,-15,False,False,0,2
55.7731069,0,1,0.0,188,0,0,0,0,0,0,0,0,0,-1.5,6.4375,-14.875,False,False,0,2
55.860524,0,1,0.0,189,0,0,0,0,0,0,0,0,0,-1.375,6.4375,-15,False,False,0,2
55.8632049,0,1,0.0,190,0,0,0,0,0,0,0,0,0,-1.25,6.5625,-15.0625,False,False,0,2
55.9637063,0,1,0.0,191,0,0,0,0,0,0,0,0,0,-1.375,6.6875,-15.125,False,False,0,2
55.9664916,0,1,0.0,192,0,0,0,0,0,0,0,0,0,-1.5,6.625,-15,False,False,0,2
56.019718,0,1,0.0,193,0,0,0,0,0,0,0,0,0,-1.6875,6.625,-14.9375,False,False,0,2
56.115335,0,1,0.0,194,0,0,0,0,0,0,0,0,0,-1.625,6.625,-15,False,False,0,2
56.1178298,0,1,0.0,195,0,0,0,0,0,0,0,0,0,-1.6875,6.6875,-15.0625,False,False,0,2
56.1601126,0,1,0.0,196,0,0,0,0,0,0,0,0,0,-1.625,6.6875,-14.9375,False,False,0,2
56.2073582,0,1,0.0,197,0,0,0,0,0,0,0,0,0,-1.6875,6.625,-15.0625,False,False,0,2
56.2527251,0,1,0.0,198,0,0,0,0,0,0,0,0,0,-1.8125,6.625,-14.9375,False,False,0,2
56.3116506,0,1,0.0,199,0,0,0,0,0,0,0,0,0,-1.8125,6.625,-14.9375,False,False,0,2
56.4130794,0,1,0.0,200,0,0,0,0,0,0,0,0,0,-1.6875,6.6875,-15.0625,False,False,0,2
56.4155039,0,1,0.0,201,0,0,0,0,0,0,0,0,0,-1.5,6.6875,-15.0625,False,False,0,2
56.4551984,0,1,0.0,202,0,0,0,0,0,0,0,0,0,-1.625,6.5,-15,False,False,0,2
56.5027737,0,1,0.0,203,0,0,0,0,0,0,0,0,0,-1.625,6.4375,-15.0625,False,False,0,2
56.5485225,0,1,0.0,204,0,0,0,0,0,0,0,0,0,-1.5625,6.5,-14.9375,False,False,0,2
56.6102165,0,1,0.0,205,0,0,0,0,0,0,0,0,0,-1.4375,6.5,-15.0625,False,False,0,2
56.6693123,0,1,0.0,206,0,0,0,0,0,0,0,0,0,-1.5625,6.625,-15,False,False,0,2
56.7185911,0,1,0.0,207,0,0,0,0,0,0,0,0,0,-1.5625,6.6875,-15,False,False,0,2
56.7670047,0,1,0.0,208,0,0,0,0,0,0,0,0,0,-1.625,6.6875,-15.0625,False,False,0,2
56.8152485,0,1,0.0,209,0,0,0,0,0,0,0,0,0,-1.6875,6.6875,-15.0625,False,False,0,2
56.8610876,0,1,0.0,210,0,0,0,0,0,0,0,0,0,-1.6875,6.75,-14.9375,False,False,0,2
56.9066596,0,1,0.0,211,0,0,0,0,0,0,0,0,0,-1.5625,6.75,-15.125,False,False,0,2
56.952992,0,1,0.0,212,0,0,0,0,0,0,0,0,0,-1.4375,6.5625,-15,False,False,0,2
56.9998799,0,1,0.0,213,0,0,0,0,0,0,0,0,0,-1.9375,6.5625,-14.75,False,False,0,2
57.0545599,0,1,0.0,214,0,0,0,0,0,0,0,0,0,-1.875,6.75,-14.9375,False,False,0,2
57.1694691,0,1,0.0,215,0,0,0,0,0,0,0,0,0,-1.3125,6.8125,-15.0625,False,False,0,2
57.1719163,0,1,0.0,216,0,0,0,0,0,0,0,0,0,-1.25,6.75,-15.0625,False,False,0,2
57.2739813,0,1,0.0,217,0,0,0,0,0,0,0,0,0,-2,6.625,-14.75,False,False,0,2
57.2762685,0,1,0.0,218,0,0,0,0,0,0,0,0,0,-2.125,6.625,-14.8125,False,False,0,2
57.387275,0,1,0.0,219,0,0,0,0,0,0,0,0,0,-1.6875,6.75,-15.0625,False,False,0,2
57.389752,0,1,0.0,220,0,0,0,0,0,0,0,0,0,-1.0625,6.875,-15.0625,False,False,0,2
57.4329377,0,1,0.0,221,0,0,0,0,0,0,0,0,0,-1.25,6.8125,-15.125,False,False,0,2
57.4352707,0,1,0.0,222,0,0,0,0,0,0,0,0,0,-1.625,6.6875,-14.9375,False,False,0,2
57.5087037,0,1,0.0,223,0,0,0,0,0,0,0,0,0,-1.6875,6.75,-14.875,False,False,0,2
57.602668,0,1,0.0,224,0,0,0,0,0,0,0,0,0,-1.3125,6.6875,-14.9375,False,False,0,2
57.6050441,0,1,0.0,225,0,0,0,0,0,0,0,0,0,-1.0625,6.8125,-14.875,False,False,0,2
57.6548606,0,1,0.0,226,0,0,0,0,0,0,0,0,0,-1.3125,6.8125,-15.0625,False,False,0,2
57.6998989,0,1,0.0,227,0,0,0,0,0,0,0,0,0,-1.625,6.875,-14.9375,False,False,0,2
57.7475074,0,1,0.0,228,0,0,0,0,0,0,0,0,0,-1.5625,6.9375,-14.875,False,False,0,2
57.8051319,0,1,0.0,229,0,0,0,0,0,0,0,0,0,-1.5625,6.875,-14.9375,False,False,0,2
57.908245,0,1,0.0,230,0,0,0,0,0,0,0,0,0,-1.4375,6.875,-14.9375,False,False,0,2
57.9108712,0,1,0.0,231,0,0,0,0,0,0,0,0,0,-1.5,6.875,-15,False,False,0,2
57.9519706,0,1,0.0,232,0,0,0,0,0,0,0,0,0,-1.625,6.875,-14.9375,False,False,0,2
57.9987149,0,1,0.0,233,0,0,0,0,0,0,0,0,0,-1.625,6.875,-15.0625,False,False,0,2
58.0440082,0,1,0.0,234,0,0,0,0,0,0,0,0,0,-1.6875,6.8125,-14.9375,False,False,0,2
58.1039079,0,1,0.0,235,0,0,0,0,0,0,0,0,0,-1.5625,6.875,-14.875,False,False,0,2
58.1517668,0,1,0.0,236,0,0,0,0,0,0,0,0,0,-1.4375,6.75,-15,False,False,0,2
58.1998609,0,1,0.0,237,0,0,0,0,0,0,0,0,0,-1.4375,6.8125,-14.875,False,False,0,2
58.255139,0,1,0.0,238,0,0,0,0,0,0,0,0,0,-1.4375,6.8125,-14.9375,False,False,0,2
58.3629033,0,1,0.0,239,0,0,0,0,0,0,0,0,0,-1.5625,6.8125,-14.9375,False,False,0,2
58.3654899,0,1,0.0,240,0,0,0,0,0,0,0,0,0,-1.5,6.8125,-15,False,False,0,2
58.4721078,0,1,0.0,241,0,0,0,0,0,0,0,0,0,-1.6875,6.75,-15,False,False,0,2
58.4746809,0,1,0.0,242,0,0,0,0,0,0,0,0,0,-1.625,6.625,-14.9375,False,False,0,2
58.5815839,0,1,0.0,243,0,0,0,0,0,0,0,0,0,-1.625,6.75,-15,False,False,0,2
58.5837911,0,1,0.0,244,0,0,0,0,0,0,0,0,0,-1.4375,6.8125,-15,False,False,0,2
58.6907628,0,1,0.0,245,0,0,0,0,0,0,0,0,0,-1.5,6.75,-14.8125,False,False,0,2
58.693285,0,1,0.0,246,0,0,0,0,0,0,0,0,0,-1.625,6.75,-14.9375,False,False,0,2
58.7357412,0,1,0.0,247,0,0,0,0,0,0,0,0,0,-1.6875,6.6875,-15,False,False,0,2
58.7823494,0,1,0.0,248,0,0,0,0,0,0,0,0,0,-1.4375,6.6875,-14.9375,False,False,0,2
58.7849802,0,1,0.0,249,0,0,0,0,0,0,0,0,0,-1.5625,6.6875,-14.875,False,False,0,2
58.8528821,0,1,0.0,250,0,0,0,0,0,0,0,0,0,-1.6875,6.75,-14.875,False,False,0,2
58.9221536,0,1,0.0,251,0,0,0,0,0,0,0,0,0,-1.5625,6.75,-14.8125,False,False,0,2
59.0340824,0,1,0.0,252,0,0,0,0,0,0,0,0,0,-1.375,6.8125,-15,False,False,0,2
59.0366211,0,1,0.0,253,0,0,0,0,0,0,0,0,0,-1.125,6.8125,-15,False,False,0,2
59.0822081,0,1,0.0,254,0,0,0,0,0,0,0,0,0,-1.3125,6.6875,-14.875,False,False,0,2
59.0849996,0,1,0.0,255,0,0,0,0,0,0,0,0,0,-1.8125,6.75,-14.75,False,False,0,2
59.1542884,0,1,0.0,0,0,0,0,0,0,0,0,0,0,-2,6.8125,-14.9375,False,False,0,2
59.2315518,0,1,0.0,1,0,0,0,0,0,0,0,0,0,-1.4375,6.875,-14.9375,False,False,0,2
59.2339596,0,1,0.0,2,0,0,0,0,0,0,0,0,0,-1.4375,6.9375,-14.875,False,False,0,2
59.340922,0,1,0.0,3,0,0,0,0,0,0,0,0,0,-1.75,6.9375,-14.9375,False,False,0,2
59.4450063,0,1,0.0,4,0,0,0,0,0,0,0,0,0,-1.875,6.9375,-14.875,False,False,0,2
59.4470361,0,1,0.0,5,0,0,0,0,0,0,0,0,0,-1.5625,6.875,-14.875,False,False,0,2
59.4943263,0,1,0.0,6,0,0,0,0,0,0,0,0,0,-1.4375,6.9375,-14.9375,False,False,0,2
59.4968058,0,1,0.0,7,0,0,0,0,0,0,0,0,0,-1.4375,6.8125,-14.9375,False,False,0,2
59.5379379,0,1,0.0,8,0,0,0,0,0,0,0,0,0,-1.5,6.8125,-14.9375,False,False,0,2
59.603648,0,1,0.0,9,0,0,0,0,0,0,0,0,0,-1.5,6.875,-15,False,False,0,2
59.7126652,0,1,0.0,10,0,0,0,0,0,0,0,0,0,-1.1875,6.6875,-14.9375,False,False,0,2
59.7147703,0,1,0.0,11,0,0,0,0,0,0,0,0,0,-1.375,6.6875,-14.8125,False,False,0,2
59.8217424,0,1,0.0,12,0,0,0,0,0,0,0,0,0,-1.75,6.75,-14.8125,False,False,0,2
59.8241543,0,1,0.0,13,0,0,0,0,0,0,0,0,0,-1.5625,6.875,-14.875,False,False,0,2
59.9301836,0,1,0.0,14,0,0,0,0,0,0,0,0,0,-1.3125,6.9375,-15,False,False,0,2
59.9323041,0,1,0.0,15,0,0,0,0,0,0,0,0,0,-1.4375,6.9375,-14.875,False,False,0,2
60.0400158,0,1,0.0,16,0,0,0,0,0,0,0,0,0,-1.9375,6.875,-14.9375,False,False,0,2
60.0428807,0,1,0.0,17,0,0,0,0,0,0,0,0,0,-1.9375,7,-14.875,False,False,0,2
60.160296,0,1,0.0,18,0,0,0,0,0,0,0,0,0,-1.625,6.9375,-14.75,False,False,0,2
60.1625514,0,1,0.0,19,0,0,0,0,0,0,0,0,0,-1.5,6.9375,-14.875,False,False,0,2
60.1650317,0,1,0.0,20,0,0,0,0,0,0,0,0,0,-1.5,6.9375,-14.875,False,False,0,2
60.2045693,0,1,0.0,21,0,0,0,0,0,0,0,0,0,-1.5,6.9375,-14.9375,False,False,0,2
60.2477726,0,1,0.0,22,0,0,0,0,0,0,0,0,0,-1.5,6.875,-14.875,False,False,0,2
60.2956954,0,1,0.0,23,0,0,0,0,0,0,0,0,0,-1.5,6.875,-14.8125,False,False,0,2
60.3917452,0,1,0.0,24,0,0,0,0,0,0,0,0,0,-1.5,6.8125,-14.875,False,False,0,2
60.4498327,0,1,0.0,25,0,0,0,0,0,0,0,0,0,-1.5625,6.75,-14.875,False,False,0,2
60.4521925,0,1,0.0,26,0,0,0,0,0,0,0,0,0,-1.5,6.8125,-14.875,False,False,0,2
60.502527,0,1,0.0,27,0,0,0,0,0,0,0,0,0,-1.375,6.875,-14.875,False,False,0,2
60.6120125,0,1,0.0,28,0,0,0,0,0,0,0,0,0,-1.4375,6.875,-14.875,False,False,0,2
60.6147465,0,1,0.0,29,0,0,0,0,0,0,0,0,0,-1.5,6.9375,-14.875,False,False,0,2
60.7212776,0,1,0.0,30,0,0,0,0,0,0,0,0,0,-1.5625,7,-14.9375,False,False,0,2
60.7239893,0,1,0.0,31,0,0,0,0,0,0,0,0,0,-1.625,6.9375,-14.9375,False,False,0,2
60.8301364,0,1,0.0,32,0,0,0,0,0,0,0,0,0,-1.625,6.9375,-14.9375,False,False,0,2
60.8326555,0,1,0.0,33,0,0,0,0,0,0,0,0,0,-1.625,6.9375,-14.875,False,False,0,2
60.9388278,0,1,0.0,34,0,0,0,0,0,0,0,0,0,-1.5625,7,-14.8125,False,False,0,2
60.9412689,0,1,0.0,35,0,0,0,0,0,0,0,0,0,-1.5625,7,-15,False,False,0,2
61.0480644,0,1,0.0,36,0,0,0,0,0,0,0,0,0,-1.375,7,-14.875,False,False,0,2
61.050324,0,1,0.0,37,0,0,0,0,0,0,0,0,0,-1.4375,6.9375,-14.8125,False,False,0,2
61.0523191,0,1,0.0,38,0,0,0,0,0,0,0,0,0,-1.5,6.9375,-14.9375,False,False,0,2
61.1038307,0,1,0.0,39,0,0,0,0,0,0,0,0,0,-1.5625,6.9375,-14.875,False,False,0,2
61.1754503,0,1,0.0,40,0,0,0,0,0,0,0,0,0,-1.5,6.9375,-14.875,False,False,0,2
61.2241319,0,1,0.0,41,0,0,0,0,0,0,0,0,0,-1.5,7,-14.875,False,False,0,2
61.2706796,0,1,0.0,42,0,0,0,0,0,0,0,0,0,-1.5625,6.9375,-14.875,False,False,0,2
61.317589,0,1,0.0,43,0,0,0,0,0,0,0,0,0,-1.5,6.9375,-14.875,False,False,0,2
61.3657575,0,1,0.0,44,0,0,0,0,0,0,0,0,0,-1.5,6.9375,-14.9375,False,False,0,2
61.4113795,0,1,0.0,45,0,0,0,0,0,0,0,0,0,-1.5,6.9375,-14.875,False,False,0,2
61.4605159,0,1,0.0,46,0,0,0,0,0,0,0,0,0,-1.5625,6.9375,-14.9375,False,False,0,2
61.5054834,0,1,0.0,47,0,0,0,0,0,0,0,0,0,-1.6875,6.9375,-14.875,False,False,0,2
61.5544876,0,1,0.0,48,0,0,0,0,0,0,0,0,0,-1.6875,6.875,-15,False,False,0,2
61.5997221,0,1,0.0,49,0,0,0,0,0,0,0,0,0,-1.625,6.875,-14.875,False,False,0,2
61.6471413,0,1,0.0,50,0,0,0,0,0,0,0,0,0,-1.75,6.75,-14.8125,False,False,0,2
61.7049893,0,1,0.0,51,0,0,0,0,0,0,0,0,0,-1.625,6.875,-15,False,False,0,2
61.755284,0,1,0.0,52,0,0,0,0,0,0,0,0,0,-1.5625,6.875,-14.8125,False,False,0,2
61.8016316,0,1,0.0,53,0,0,0,0,0,0,0,0,0,-1.5625,6.75,-14.9375,False,False,0,2
61.8535545,0,1,0.0,54,0,0,0,0,0,0,0,0,0,-1.5625,6.8125,-14.875,False,False,0,2
61.9090602,0,1,0.0,55,0,0,0,0,0,0,0,0,0,-1.625,6.8125,-14.9375,False,False,0,2
62.0160323,0,1,0.0,56,0,0,0,0,0,0,0,0,0,-1.6875,6.8125,-14.9375,False,False,0,2
62.108799,0,1,0.0,57,0,0,0,0,0,0,0,0,0,-1.5625,6.8125,-14.9375,False,False,0,2
62.1112594,0,1,0.0,58,0,0,0,0,0,0,0,0,0,-1.5,6.8125,-14.875,False,False,0,2
62.1137784,0,1,0.0,59,0,0,0,0,0,0,0,0,0,-1.4375,6.75,-14.9375,False,False,0,2
62.1614218,0,1,0.0,60,0,0,0,0,0,0,0,0,0,-1.5,6.8125,-14.75,False,False,0,2
62.207757,0,1,0.0,61,0,0,0,0,0,0,0,0,0,-1.625,6.875,-14.875,False,False,0,2
62.2557601,0,1,0.0,62,0,0,0,0,0,0,0,0,0,-1.375,6.9375,-14.9375,False,False,0,2
62.3037688,0,1,0.0,63,0,0,0,0,0,0,0,0,0,-1.375,7,-14.9375,False,False,0,2
62.3471788,0,1,0.0,64,0,0,0,0,0,0,0,0,0,-1.5625,6.875,-14.875,False,False,0,2
62.3950281,0,1,0.0,65,0,0,0,0,0,0,0,0,0,-1.6875,7,-14.875,False,False,0,2
62.4521411,0,1,0.0,66,0,0,0,0,0,0,0,0,0,-1.5625,7,-14.9375,False,False,0,2
62.5605902,0,1,0.0,67,0,0,0,0,0,0,0,0,0,-1.4375,7.0625,-14.8125,False,False,0,2
62.562891,0,1,0.0,68,0,0,0,0,0,0,0,0,0,-1.4375,6.9375,-14.875,False,False,0,2
62.6698717,0,1,0.0,69,0,0,0,0,0,0,0,0,0,-1.5,7,-14.875,False,False,0,2
62.6723744,0,1,0.0,70,0,0,0,0,0,0,0,0,0,-1.5,7,-14.8125,False,False,0,2
62.7783128,0,1,0.0,71,0,0,0,0,0,0,0,0,0,-1.5,6.875,-14.9375,False,False,0,2
62.7806854,0,1,0.0,72,0,0,0,0,0,0,0,0,0,-1.625,6.9375,-14.9375,False,False,0,2
62.8854125,0,1,0.0,73,0,0,0,0,0,0,0,0,0,-1.5625,6.875,-14.8125,False,False,0,2
62.8884028,0,1,0.0,74,0,0,0,0,0,0,0,0,0,-1.5,6.875,-14.875,False,False,0,2
62.9940215,0,1,0.0,75,0,0,0,0,0,0,0,0,0,-1.4375,6.9375,-14.875,False,False,0,2
62.9968367,0,1,0.0,76,0,0,0,0,0,0,0,0,0,-1.4375,6.9375,-14.875,False,False,0,2
62.9990398,0,1,0.0,77,0,0,0,0,0,0,0,0,0,-1.5,6.9375,-14.875,False,False,0,2
63.1044894,0,1,0.0,78,0,0,0,0,0,0,0,0,0,-1.5,6.875,-14.8125,False,False,0,2
63.107436,0,1,0.0,79,0,0,0,0,0,0,0,0,0,-1.5625,6.9375,-14.8125,False,False,0,2
63.2150778,0,1,0.0,80,0,0,0,0,0,0,0,0,0,-1.5625,6.9375,-14.875,False,False,0,2
63.2179029,0,1,0.0,81,0,0,0,0,0,0,0,0,0,-1.625,7,-14.9375,False,False,0,2
63.3317792,0,1,0.0,82,0,0,0,0,0,0,0,0,0,-1.5,7.0625,-14.9375,False,False,0,2
63.3342635,0,1,0.0,83,0,0,0,0,0,0,0,0,0,-1.4375,7,-14.875,False,False,0,2
63.3748296,0,1,0.0,84,0,0,0,0,0,0,0,0,0,-1.4375,6.9375,-14.875,False,False,0,2
63.4202482,0,1,0.0,85,0,0,0,0,0,0,0,0,0,-1.4375,7,-14.8125,False,False,0,2
63.4669265,0,1,0.0,86,0,0,0,0,0,0,0,0,0,-1.5,6.9375,-14.875,False,False,0,2
63.5138647,0,1,0.0,87,0,0,0,0,0,0,0,0,0,-1.5625,6.9375,-14.8125,False,False,0,2
63.5597845,0,1,0.0,88,0,0,0,0,0,0,0,0,0,-1.625,6.9375,-14.8125,False,False,0,2
63.6062334,0,1,0.0,89,0,0,0,0,0,0,0,0,0,-1.625,6.9375,-14.75,False,False,0,2
63.6535049,0,1,0.0,90,0,0,0,0,0,0,0,0,0,-1.375,7,-14.8125,False,False,0,2
63.6981708,0,1,0.0,91,0,0,0,0,0,0,0,0,0,-1.375,7,-14.875,False,False,0,2
63.7445984,0,1,0.0,92,0,0,0,0,0,0,0,0,0,-1.5625,7,-14.8125,False,False,0,2
63.8045457,0,1,0.0,93,0,0,0,0,0,0,0,0,0,-1.625,7,-15,False,False,0,2
63.8520586,0,1,0.0,94,0,0,0,0,0,0,0,0,0,-1.5625,7,-14.875,False,False,0,2
63.9001663,0,1,0.0,95,0,0,0,0,0,0,0,0,0,-1.5625,7,-14.875,False,False,0,2
63.952225,0,1,0.0,96,0,0,0,0,0,0,0,0,0,-1.625,6.875,-14.8125,False,False,0,2
64.0529125,0,1,0.0,97,0,0,0,0,0,0,0,0,0,-1.625,6.9375,-14.9375,False,False,0,2
64.055282,0,1,0.0,98,0,0,0,0,0,0,0,0,0,-1.4375,6.9375,-14.9375,False,False,0,2
64.1525508,0,1,0.0,99,0,0,0,0,0,0,0,0,0,-1.5,6.9375,-14.8125,False,False,0,2
64.154756,0,1,0.0,100,0,0,0,0,0,0,0,0,0,-1.5625,6.875,-14.8125,False,False,0,2
64.2128136,0,1,0.0,101,0,0,0,0,0,0,0,0,0,-1.5,6.9375,-14.8125,False,False,0,2
64.3121009,0,1,0.0,102,0,0,0,0,0,0,0,0,0,-1.5,7,-14.875,False,False,0,2
64.314628,0,1,0.0,103,0,0,0,0,0,0,0,0,0,-1.625,7,-14.8125,False,False,0,2
64.357526,0,1,0.0,104,0,0,0,0,0,0,0,0,0,-1.625,7,-14.875,False,False,0,2
64.4049739,0,1,0.0,105,0,0,0,0,0,0,0,0,0,-1.75,7.0625,-14.8125,False,False,0,2
64.4521672,0,1,0.0,106,0,0,0,0,0,0,0,0,0,-1.625,7.0625,-14.9375,False,False,0,2
64.4979663,0,1,0.0,107,0,0,0,0,0,0,0,0,0,-1.5625,7,-14.875,False,False,0,2
64.5546699,0,1,0.0,108,0,0,0,0,0,0,0,0,0,-1.5625,7,-14.875,False,False,0,2
64.6080448,0,1,0.0,109,0,0,0,0,0,0,0,0,0,-1.6875,7.0625,-14.875,False,False,0,2
64.6527603,0,1,0.0,110,0,0,0,0,0,0,0,0,0,-1.75,7,-14.8125,False,False,0,2
64.7033404,0,1,0.0,111,0,0,0,0,0,0,0,0,0,-1.75,6.875,-14.9375,False,False,0,2
64.7454487,0,1,0.0,112,0,0,0,0,0,0,0,0,0,-1.6875,6.8125,-14.875,False,False,0,2
64.7944396,0,1,0.0,113,0,0,0,0,0,0,0,0,0,-1.6875,6.9375,-14.9375,False,False,0,2
64.8525837,0,1,0.0,114,0,0,0,0,0,0,0,0,0,-1.6875,6.875,-14.9375,False,False,0,2
64.9020814,0,1,0.0,115,0,0,0,0,0,0,0,0,0,-1.6875,6.8125,-14.8125,False,False,0,2
64.9476384,0,1,0.0,116,0,0,0,0,0,0,0,0,0,-1.75,6.75,-14.9375,False,False,0,2
65.0054984,0,1,0.0,117,0,0,0,0,0,0,0,0,0,-1.6875,6.8125,-15,False,False,0,2
65.0556944,0,1,0.0,118,0,0,0,0,0,0,0,0,0,-1.6875,6.8125,-14.875,False,False,0,2
65.1038842,0,1,0.0,119,0,0,0,0,0,0,0,0,0,-1.75,6.8125,-14.875,False,False,0,2
65.1552084,0,1,0.0,120,0,0,0,0,0,0,0,0,0,-1.8125,6.8125,-14.8125,False,False,0,2
65.2636224,0,1,0.0,121,0,0,0,0,0,0,0,0,0,-1.75,6.9375,-14.875,False,False,0,2
65.2660813,0,1,0.0,122,0,0,0,0,0,0,0,0,0,-1.6875,6.9375,-14.875,False,False,0,2
65.3801069,0,1,0.0,123,0,0,0,0,0,0,0,0,0,-1.625,6.9375,-14.875,False,False,0,2
65.3885502,0,1,0.0,124,0,0,0,0,0,0,0,0,0,-1.625,7,-14.875,False,False,0,2
65.3922831,0,1,0.0,125,0,0,0,0,0,0,0,0,0,-1.625,6.9375,-14.875,False,False,0,2
65.4523068,0,1,0.0,126,0,0,0,0,0,0,0,0,0,-1.6875,7,-14.875,False,False,0,2
65.5616646,0,1,0.0,127,0,0,0,0,0,0,0,0,0,-1.6875,7,-14.9375,False,False,0,2
65.5638326,0,1,0.0,128,0,0,0,0,0,0,0,0,0,-1.5625,7.0625,-14.875,False,False,0,2
65.6701407,0,1,0.0,129,0,0,0,0,0,0,0,0,0,-1.5,7,-14.9375,False,False,0,2
65.6728908,0,1,0.0,130,0,0,0,0,0,0,0,0,0,-1.5,7,-14.75,False,False,0,2
65.775952,0,1,0.0,131,0,0,0,0,0,0,0,0,0,-1.5,7,-14.9375,False,False,0,2
65.7786571,0,1,0.0,132,0,0,0,0,0,0,0,0,0,-1.375,6.9375,-14.8125,False,False,0,2
65.8209526,0,1,0.0,133,0,0,0,0,0,0,0,0,0,-1.375,7,-14.8125,False,False,0,2
65.8682739,0,1,0.0,134,0,0,0,0,0,0,0,0,0,-1.5,7,-14.8125,False,False,0,2
65.9160362,0,1,0.0,135,110,33,0,0,0,0,0,0,0,-1.6875,6.9375,-14.8125,False,False,0,2
65.9864436,0,1,0.0,136,0,0,0,0,0,0,0,0,0,-1.625,7,-14.8125,False,False,0,2
66.0770385,0,1,0.0,137,0,0,0,0,0,0,0,0,0,-1.5625,7,-14.8125,False,False,0,2
66.0797157,0,1,0.0,138,0,0,0,0,0,0,0,0,0,-1.5625,7,-14.8125,False,False,0,2
66.1232336,0,1,0.0,139,0,0,0,0,0,0,0,0,0,-1.625,7.0625,-14.8125,False,False,0,2
66.168315,0,1,0.0,140,0,0,4,0,0,0,0,0,0,-1.625,7.0625,-14.8125,False,False,0,2
66.2141265,0,1,0.0,141,0,0,0,0,0,0,0,0,0,-1.6875,7.0625,-14.875,False,False,0,2
66.2598646,0,1,0.0,142,0,0,0,0,0,0,0,0,0,-1.625,7.0625,-14.75,False,False,0,2
66.3087585,0,1,0.0,143,0,0,0,0,0,0,0,0,0,-1.6875,7.0625,-14.6875,False,False,0,2
66.3558609,0,1,0.0,144,0,0,0,0,0,0,0,0,0,-1.625,7.0625,-14.8125,False,False,0,2
66.3995415,0,1,0.0,145,0,0,0,2,0,0,0,0,0,-1.5,7.0625,-14.75,False,False,0,2
66.4470089,0,1,0.0,146,0,0,0,0,0,0,0,0,0,-1.5625,7,-14.75,False,False,0,2
66.5040863,0,1,0.0,147,0,0,0,0,0,0,0,0,0,-1.5625,7.0625,-14.875,False,False,0,2
66.610887,0,1,0.0,148,0,0,0,0,0,0,0,0,0,-1.5625,7.0625,-14.875,False,False,0,2
66.6135805,0,1,0.0,149,0,0,0,0,0,0,0,0,0,-1.5,7,-14.8125,False,False,0,2
66.716142,0,1,0.0,150,0,0,0,0,7,0,0,0,0,-1.5625,7,-14.875,False,False,0,2
66.7187159,0,1,0.0,151,0,0,0,0,0,0,0,0,0,-1.5625,7.0625,-14.75,False,False,0,2
66.7596931,0,1,0.0,152,0,0,0,0,0,0,0,0,0,-1.5625,7.0625,-14.8125,False,False,0,2
66.8062661,0,1,0.0,153,0,0,0,0,0,0,0,0,0,-1.5,7.125,-14.8125,False,False,0,2
66.8539039,0,1,0.0,154,0,0,0,0,0,0,0,0,0,-1.5,7.0625,-14.8125,False,False,0,2
66.8995852,0,1,0.0,155,0,0,0,0,0,0,0,0,0,-1.5625,7.1875,-14.8125,False,False,0,2
66.9507505,0,1,0.0,156,0,0,0,0,0,0,0,0,0,-1.6875,7.125,-14.75,False,False,0,2
67.0605259,0,1,0.0,157,0,0,0,0,0,0,0,0,0,-1.625,7.0625,-14.75,False,False,0,2
67.0632653,0,1,0.0,158,0,0,0,0,0,0,0,0,0,-1.5625,7.0625,-14.8125,False,False,0,2
67.1703235,0,1,0.0,159,0,0,0,0,0,0,0,0,0,-1.625,7.0625,-14.8125,False,False,0,2
67.1728233,0,1,0.0,160,0,0,0,0,0,0,0,0,0,-1.625,7.0625,-14.9375,False,False,0,2
67.2805448,0,1,0.0,161,0,0,0,0,0,0,0,0,0,-1.5,7.0625,-14.75,False,False,0,2
67.2831102,0,1,0.0,162,0,0,0,0,0,0,0,0,0,-1.4375,6.9375,-14.6875,False,False,0,2
67.3247874,0,1,0.0,163,0,0,0,0,0,0,0,0,0,-1.5,7.125,-14.875,False,False,0,2
67.3688241,0,1,0.0,164,0,0,0,0,0,0,0,0,0,-1.625,7,-14.8125,False,False,0,2
67.4289474,0,1,0.0,165,0,0,0,0,0,0,0,0,0,-1.5625,7.0625,-14.75,False,False,0,2
67.5325019,0,1,0.0,166,0,0,0,0,0,0,0,0,0,-1.5625,7.0625,-14.875,False,False,0,2
67.5352005,0,1,0.0,167,0,0,0,0,0,0,0,0,0,-1.5625,7,-14.6875,False,False,0,2
67.6355873,0,1,0.0,168,0,0,0,0,0,0,0,0,0,-1.625,7.0625,-14.75,False,False,0,2
67.6384159,0,1,0.0,169,0,0,0,0,0,0,0,0,0,-1.375,7.0625,-14.875,False,False,0,2
67.641376,0,1,0.0,170,0,0,0,0,0,0,0,0,0,-1.3125,7.0625,-14.6875,False,False,0,2
67.7059667,0,1,0.0,171,0,0,0,0,0,0,0,0,0,-1.625,7,-14.875,False,False,0,2
